뉴스  url,제목,내용,날짜
http://news.kbs.co.kr/news/view.do?ncd=7910595,하수구 악취 10년 피해…법원 “구청이 1억 3천만 원 배상”,10년 동안 건물 근처에서 나는 악취에 시달린 주민에게 해당 구청이 1억 3천만 원을 배상...,2024.03.11 (19:10)
http://news.kbs.co.kr/news/view.do?ncd=7910594,"선관위 “재외선거관, 단순 비용이나 효율성 문제로 판단할 수 없어”",중앙선거관리위원회는 재외선거관이 파견된 일부 해외 도시의 재외선거 등록률이 낮다는 KBS ...,2024.03.11 (19:10)
http://news.kbs.co.kr/news/view.do?ncd=7910587,‘논란의 수능 23번’…“평가원 사전 검증 못하고 사후 이의 제기는 뭉개”, [앵커] 현직 고등학교 교사들이 입시업체로부터  뒷돈을 받고  모의고사 문제를 제공하는 ...,2024.03.11 (19:07)
http://news.kbs.co.kr/news/view.do?ncd=7910584,고 손명순 여사 오늘 발인…현충원 YS 묘역에 합장, [앵커] 김영삼 전 대통령 부인인 고 손명순 여사의 영결식이 오늘 엄수됐습니다. 평생을 ...,2024.03.11 (19:06)
http://news.kbs.co.kr/news/view.do?ncd=7910580,19번째 민생토론회…“첨단 데이터 클러스터 조성”," [앵커] 윤석열 대통령이  강원도의 주력 산업을  디지털, 바이오 기반  첨단 산업으로 ...",2024.03.11 (19:04)
http://news.kbs.co.kr/news/view.do?ncd=7910575,[총선] 야 “외교·법무 장관 고발·탄핵”…충남서 표심 몰이," [앵커] 더불어민주당은 이종섭 호주 대사 내정자가 출국한 것을 두고 ""국가 권력을 이용한...",2024.03.11 (19:02)
http://news.kbs.co.kr/news/view.do?ncd=7910572,[총선] 여 “‘이재명 셀프공천’이 패륜공천…위성정당으로 ‘종북횡재’”, [앵커] 국민의힘은  이재명 대표가 스스로를 공천한 것이야말로 패륜공천이라며 민주당 공세...,2024.03.11 (19:00)
http://news.kbs.co.kr/news/view.do?ncd=7910565,[뉴스7 헤드라인],총선 D-30…“패륜 공천” vs “범인 은닉”국민의힘은 이재명 대표가 스스로를 공천한 것...,2024.03.11 (18:59)
http://news.kbs.co.kr/news/view.do?ncd=7910563,정전에 시위장 된 테슬라 독일공장…확장계획 찬반집회 열려,"테슬라 독일공장이 정전으로 일주일째 가동이 중단된 가운데, 확장 계획을 두고 환경운동가와 ...",2024.03.11 (18:56)
http://news.kbs.co.kr/news/view.do?ncd=7910562,[총선] 충남 찾은 이재명 “지역 중심 불균형 발전 전략 추진할 것”,더불어민주당 이재명 대표는 오늘(11일) 충남을 찾아 “충남이 국토균형발전의 전진 기지 역...,2024.03.11 (18:56)
http://news.kbs.co.kr/news/view.do?ncd=7910560,김포서 학대 추정 강아지 발견…경찰 수사 나서,김포에서 학대를 당한 것으로 추정되는 강아지가 발견돼 경찰이 수사에 나섰습니다. 김포경찰서...,2024.03.11 (18:36)
http://news.kbs.co.kr/news/view.do?ncd=7910557,[경제합시다] ASML과 베토벤의 낯선 만남…네덜란드가 떨고 있다, 음악의 성인 '악성' 베토벤. 반도체 업계의 '슈퍼 을' ASML. 공통점이 전혀 없어 ...,2024.03.11 (18:31)
http://news.kbs.co.kr/news/view.do?ncd=7910556,"방심위, MBC ‘바이든, 날리면’ 보도에 과징금 확정",방송통신심의위원회는 2022년 윤석열 대통령의 미국 방문 당시 불거진 MBC의 이른바 ‘바...,2024.03.11 (18:30)
http://news.kbs.co.kr/news/view.do?ncd=7910555,[경제합시다] 이미 트럼프?…‘로비’에 지갑 여는 일본," 이번엔 일본 소식입니다. '모우토라'. '모우'는 우리 말로 이미, '토라'는 트럼프 전...",2024.03.11 (18:28)
http://news.kbs.co.kr/news/view.do?ncd=7910553,"[경제합시다] 14억 중국인 ‘국민 생수’, 하루 아침에 망한 사연",  시간입니다. 요즘 중국인 사이엔 '비싸도 화웨이'란 말이 있습니다. 미국 '애플'보다 ...,2024.03.11 (18:27)
http://news.kbs.co.kr/news/view.do?ncd=7910552,“청소년에 속아 술·담배 판매 소상공인 행정처분 면제 다음 달 중 시행”,청소년에게 속아 술·담배를 판매한 소상공인에 대한 행정처분 면제 조치가 다음달 중 시행될 ...,2024.03.11 (18:24)
http://news.kbs.co.kr/news/view.do?ncd=7910551,"개인정보위 “의료데이터 등 민감정보 활용 ‘부채질’, 사실 아냐”",개인정보보호위원회는 정부가 의료 데이터와 같은 민감정보 활용을 부채질하고 있다는 비판에 대...,2024.03.11 (18:24)
http://news.kbs.co.kr/news/view.do?ncd=7910550,뉴질랜드행 칠레 여객기 기체 흔들림으로 50명 다쳐,현지시각 11일 호주 시드니에서 이륙해 뉴질랜드 오클랜드로 향하던 칠레 여객기에서 '강한 ...,2024.03.11 (18:24)
http://news.kbs.co.kr/news/view.do?ncd=7910549,"[총선] 한동훈, ‘0석 험지’ 고양 찾아 “서울편입·경기분도 원샷에”",한동훈 국민의힘 비상대책위원장은 4·10 총선을 한 달 앞둔 오늘(11일) 경기 고양을 찾...,2024.03.11 (18:24)
http://news.kbs.co.kr/news/view.do?ncd=7910548,"[총선] 국민의힘, ‘외교부장관 탄핵론’에 “습관적 탄핵병 다시 도져”","국민의힘은 더불어민주당이 법무부·외교부 장관 탄핵을 추진하는 데 대해 ""습관적 탄핵병이 또...",2024.03.11 (18:23)
http://news.kbs.co.kr/news/view.do?ncd=7910547,[뉴스 인사이트] ‘악성민원’ 받은 뒤 공무원 숨져…보호 대책은?, [앵커] 지난 5일  김포시청 9급 공무원이  차에서 숨진 채 발견됐습니다. 이 공무원은...,2024.03.11 (18:22)
http://news.kbs.co.kr/news/view.do?ncd=7910546,시진핑 관저에 차량 돌진…중국 양회 폐막, [앵커] 중국 최대 정치 행사 양회 폐막을 앞두고  시진핑 주석 관저를 향해 차량이 돌진...,2024.03.11 (18:20)
http://news.kbs.co.kr/news/view.do?ncd=7910544,김동연 “22대 국회에 ‘경기북부특별자치도’ 1호 법안 제출 노력”,김동연 경기도지사는 오늘(11일) “22대 국회가 개원하면 경기북부특별자치도 설치가 1호 ...,2024.03.11 (18:17)
http://news.kbs.co.kr/news/view.do?ncd=7910543,장애인 감금·폭행 목사…경찰 “다른 부부도 학대 정황”," [앵커] 지난달, 충북 청주에서 장애인을 감금하고 폭행한 목사가 구속됐는데요. 이 목사가...",2024.03.11 (18:16)
http://news.kbs.co.kr/news/view.do?ncd=7910541,중증환자들 “전공의 돌아와야”…“암 4기인데 치료 못 받아” 사례 소개도,전공의 집단 사직 사태가 장기화하자 중증환자들이 기자회견을 열고 의료 현장 복귀를 호소했습...,2024.03.11 (18:15)
http://news.kbs.co.kr/news/view.do?ncd=7910540,"검찰, ‘강남 납치·살해’ 일당 4명 항소심서도 사형 구형",검찰이 이른바 ‘강남 납치·살해’ 사건에 적극 가담한 혐의를 받는 4명에게 항소심에서도 사...,2024.03.11 (18:15)
http://news.kbs.co.kr/news/view.do?ncd=7910539,"고 손명순 여사, 현충원 YS 묘역에 합장",김영삼 전 대통령의 부인 고 손명순 여사의 영결식이 오늘 국립서울현충원에서 진행됐습니다.영...,2024.03.11 (18:14)
http://news.kbs.co.kr/news/view.do?ncd=7910538,"금감원, 홍콩 ELS 배상기준 발표…“판매사·투자자별 차등 적용 0~100%”", [앵커]올해 초 두 눈을 질끈 감고 금융감독원 앞에서 삭발을 한 투자자들입니다. 홍콩 H...,2024.03.11 (18:11)
http://news.kbs.co.kr/news/view.do?ncd=7910537,“군의관·공보의 투입” vs “지역주민·군인 생명 경시”, [앵커] 정부가 복귀 명령을 거부한 전공의 5천 명에게 행정처분 사전 통지서를 발송했습니...,2024.03.11 (18:08)
http://news.kbs.co.kr/news/view.do?ncd=7910536,‘논란의 수능23번’…“평가원 사전검증 못하고 사후 이의제기는 뭉개”, [앵커]작년에 치른 2024학년도 수학능력시험은 난도가 높은 '불수능'으로 평가받고 있습...,2024.03.11 (18:06)
http://news.kbs.co.kr/news/view.do?ncd=7910535,인천 부평구서 교통사고…초등학생 1명 다쳐,오늘(11일) 오후 3시 반쯤 인천 부평구 청천오거리에서 1톤 트럭이 길을 건너던 초등학생...,2024.03.11 (18:05)
http://news.kbs.co.kr/news/view.do?ncd=7910534,[총선] 야 “외교·법무 장관 고발·탄핵”…충남서 표심 몰이," [앵커] 더불어민주당은 이종섭 호주 대사 내정자가 출국한 것을 두고 ""국가 권력을 이용한...",2024.03.11 (18:03)
http://news.kbs.co.kr/news/view.do?ncd=7910533,[총선] 여 “‘이재명 셀프공천’이 패륜공천…위성정당으로 ‘종북횡재’”, [앵커] 국민의힘은  이재명 대표가 스스로를 공천한 것이야말로 패륜공천이라며 민주당 공세...,2024.03.11 (18:01)
http://news.kbs.co.kr/news/view.do?ncd=7910532,"‘꿈의 배터리’, ‘게임 체인저’라는 이 배터리…정부 “1천억 투입”","최근 인공지능(AI)과 함께 국내외 시장에서 가장 주목받고 있는 분야, 바로 배터리입니다....",2024.03.11 (18:00)
http://news.kbs.co.kr/news/view.do?ncd=7910531,"경기 일으킨 9살 아이, 순찰차로 5분 만에 병원 이송",서울의 한 지구대 경찰관이 경기를 일으키는 9살 아이를 신속히 병원으로 이송했습니다. 지난...,2024.03.11 (18:00)
http://news.kbs.co.kr/news/view.do?ncd=7910529,"화성시, 남양호 유역에 2만t 저수 인공습지 조성…2027년 준공",경기 화성시는 인공 담수호인 남양호 수질 개선을 위해 오는 2027년까지 인근에 2만톤 가...,2024.03.11 (17:40)
http://news.kbs.co.kr/news/view.do?ncd=7910528,"[총선] 한동훈 “도태우 발언 재검토해야”…공관위, 내일 공천 재논의키로",한동훈 국민의힘 비상대책위원장은 당 공천관리위원회에 도태우 변호사의 과거 5·18 민주화 ...,2024.03.11 (17:33)
http://news.kbs.co.kr/news/view.do?ncd=7910527,"내일 전국에 비 확대…강원, 경북산지 눈",전국이 대체로 흐린 가운데 오늘밤에는 중부지방에 빗방울이 떨어지겠습니다.    내일은 새벽...,2024.03.11 (17:26)
http://news.kbs.co.kr/news/view.do?ncd=7910526,대한예방의학회 “혼란 지속 시 정책 효과 발휘 전에 필수의료 붕괴”,대한예방의학회가 의대 증원 문제로 혼란이 이어진다면 정부 정책이 효과를 발휘하기도 전에 필...,2024.03.11 (17:26)
http://news.kbs.co.kr/news/view.do?ncd=7910523,"코스피 2,659.84 코스닥 875.93",,2024.03.11 (17:25)
http://news.kbs.co.kr/news/view.do?ncd=7910522,"중국 양회, 시진핑 연설없이 폐막…‘총리 권한 축소’ 국무원조직법 통과",중국 최대 정치행사 양회(전국인민대표대회와 전국인민정치협상회의)가 11일 전인대 폐막식을 ...,2024.03.11 (17:24)
http://news.kbs.co.kr/news/view.do?ncd=7910521,영화 ‘오펜하이머’ 아카데미 7관왕,천재과학자 로버트 오펜하이머를 다룬 크리스토퍼 놀런 감독의 영화 '오펜하이머'가 올해 미국...,2024.03.11 (17:24)
http://news.kbs.co.kr/news/view.do?ncd=7910520,"무법천지 아이티, 서방 대사관 탈출 러시…부켈레가 지원?",,2024.03.11 (17:22)
http://news.kbs.co.kr/news/view.do?ncd=7910519,시진핑 관저에 차량 돌진…중국 양회 폐막, [앵커] 중국 최대 정치 행사 양회 폐막을 앞두고  시진핑 주석 관저를 향해 차량이 돌진...,2024.03.11 (17:20)
http://news.kbs.co.kr/news/view.do?ncd=7910518,"녹색정의당, 윤 대통령·법무장관 고발…“범인도피·직권남용”",녹색정의당은 ‘해병대 채상병 사건 수사 외압 의혹’으로 수사를 받은 이종섭 전 국방부 장관...,2024.03.11 (17:19)
http://news.kbs.co.kr/news/view.do?ncd=7910517,"무한경쟁 전기차, 중국 업체는 침대도 넣고 드론도 띄우고","전기차 무한경쟁 속에 중국 전기차 회사들이 침대에 주방, 드론 등 다양한 기능을 탑재한 신...",2024.03.11 (17:19)
http://news.kbs.co.kr/news/view.do?ncd=7910515,"조국혁신당, 윤 대통령·외교장관 등 고발…가수 리아·이규원 검사 영입",조국혁신당은 '해병대 채상병 사건 수사 외압 의혹'으로 수사를 받은 이종섭 전 국방부 장관...,2024.03.11 (17:19)
http://news.kbs.co.kr/news/view.do?ncd=7910514,"비트코인, 국내 거래소서 장중 1억 원 ‘터치’",비트코인(BTC) 가격이 국내 가상자산 거래소에서 장중 1억 원을 넘겼습니다. 오늘(11일...,2024.03.11 (17:19)
http://news.kbs.co.kr/news/view.do?ncd=7910513,[크랩] 밥 한 숟갈=고기 한 입? 한국 연구진이 개발한 ‘쇠고기 쌀’,"최근 국내 연구진이 일반 쌀보다 단백질이 8%, 지방은 7% 더 많은 쇠고기 쌀을 개발했다...",2024.03.11 (17:18)
http://news.kbs.co.kr/news/view.do?ncd=7910511,온라인 고용 플랫폼 ‘고용24’ 시범운영 개시…모바일서도 이용 가능,"구인·구직과 실업급여, 직업훈련 등 100여 종의 고용서비스를 한 곳에서 이용할 수 있는 ...",2024.03.11 (17:17)
http://news.kbs.co.kr/news/view.do?ncd=7910510,정부 “후쿠시마 5차 방류 교차 검증 참여”,"국제원자력기구, IAEA가 일본 후쿠시마 제1원자력발전소 오염수 5차 방류의 샘플을 교차 ...",2024.03.11 (17:15)
http://news.kbs.co.kr/news/view.do?ncd=7910509,‘야간에 무단 외출’ 조두순에 징역 1년 구형,야간외출 제한 명령을 어기고 집을 나섰다가 재판에 넘겨진 아동 성범죄자 조두순에게 검찰이 ...,2024.03.11 (17:14)
http://news.kbs.co.kr/news/view.do?ncd=7910508,"공정위, 에어비앤비 제재…“회사 주소·연락처 제대로 공개 안 해”", [앵커] 공정거래위원회가 숙박 공유 서비스 에어비앤비가 전자상거래법을 어긴  사실을 적발...,2024.03.11 (17:13)
http://news.kbs.co.kr/news/view.do?ncd=7910507,"금감원, 홍콩 ELS 배상기준 발표…“판매사·투자자별 차등 적용 0~100%”",,2024.03.11 (17:11)
http://news.kbs.co.kr/news/view.do?ncd=7910506,시금치는 왜 금값이 되었나,농산물 가격이 물가에 부담이 되고 있습니다. 설을 앞두고 사과 배 값이 너무 올랐다고 연일...,2024.03.11 (17:11)
http://news.kbs.co.kr/news/view.do?ncd=7910505,‘논란의 수능 23번’…“평가원 사전 검증 못하고 사후 이의 제기는 뭉개”, [앵커] 현직 고등학교 교사들이 입시업체로부터  뒷돈을 받고  모의고사 문제를 제공하는 ...,2024.03.11 (17:10)
http://news.kbs.co.kr/news/view.do?ncd=7910503,연금개혁안 두 가지로 압축…‘더 내고 더 받기’ vs ‘더 내고 그대로 받기’, [앵커] 국민연금을 어떻게 개혁할지 국회 위원회에서 두 가지 안을 내놓았습니다. 보험료를...,2024.03.11 (17:07)
http://news.kbs.co.kr/news/view.do?ncd=7910502,손명순 여사 영결식…김영삼 전 대통령 묘역 합장,지난 7일 향년 95세를 일기로 별세한 김영삼 전 대통령의 부인 고 손명순 여사가 영면에 ...,2024.03.11 (17:06)
http://news.kbs.co.kr/news/view.do?ncd=7910501,‘좋은 후보’ 선정 위한 유권자운동본부 출범,4월 총선을 앞두고 '좋은후보 선정을 위한 시민유권자운동본부'가 출범했습니다.범시민사회단체...,2024.03.11 (17:05)
http://news.kbs.co.kr/news/view.do?ncd=7910500,[총선] 야 “외교·법무 장관 고발·탄핵”…충남서 표심 몰이," [앵커] 더불어민주당은 이종섭 호주 대사 내정자가 출국한 것을 두고 ""국가 권력을 이용한...",2024.03.11 (17:04)
http://news.kbs.co.kr/news/view.do?ncd=7910499,[총선] 여 “‘이재명 셀프공천’이 패륜공천…위성정당으로 ‘종북횡재’”, [앵커] 국민의힘은  이재명 대표가 스스로를 공천한 것이야말로 패륜공천이라며 민주당 공세...,2024.03.11 (17:03)
http://news.kbs.co.kr/news/view.do?ncd=7910498,"틱톡·메타, 방심위 차단 요청 ‘대통령 허위조작 영상’ 모두 삭제",틱톡과 메타(인스타그램) 등 글로벌 플랫폼사들이 윤석열 대통령의 모습이 등장하는 짜깁기된 ...,2024.03.11 (17:02)
http://news.kbs.co.kr/news/view.do?ncd=7910497,“군의관·공보의 투입” vs “지역 주민·군인 생명 경시”, [앵커] 정부가 복귀 명령을 거부한 전공의 5천 명에게 행정처분 사전 통지서를 발송했습니...,2024.03.11 (17:00)
http://news.kbs.co.kr/news/view.do?ncd=7910496,"대통령실, 이종섭 출국에 “수사 차질 주장 맞지 않아”",이종섭 신임 주호주 대사의 출국으로 현재 진행 중인 고위공직자범죄수사처(공수처)의 수사에 ...,2024.03.11 (16:58)
http://news.kbs.co.kr/news/view.do?ncd=7910495,"서울대, ‘청소노동자 사망’ 배상 판결 항소 포기…‘8,600만 원 배상 확정’","서울대학교에서 일하던 청소노동자가 과로와 괴롭힘에 시달리다 숨진 사건과 관련해, 서울대가 ...",2024.03.11 (16:56)
http://news.kbs.co.kr/news/view.do?ncd=7910494,이종섭 호주 출국 논란에 법무부 “‘출국금지’ 명분 없어”,해병대 채 모 상병 사건 수사 외압 의혹으로 고위공직자범죄수사처의 수사를 받은 이종섭 주호...,2024.03.11 (16:56)
http://news.kbs.co.kr/news/view.do?ncd=7910492,"[총선] 송영길, 광주 서구갑 ‘옥중 출마’ 선언…손혜원·변희재·최대집 합류",‘전당대회 돈봉투 의혹’으로 구속 수감 중인 송영길 전 더불어민주당 대표가 지난 6일 ‘소...,2024.03.11 (16:52)
http://news.kbs.co.kr/news/view.do?ncd=7910491,"공약부터 검증까지…카카오, ‘다음’에 총선 특집 페이지 개설",카카오는 다음 달 10일 치러지는 제22대 국회의원 총선거를 앞두고 포털 다음(Daum)에...,2024.03.11 (16:51)
http://news.kbs.co.kr/news/view.do?ncd=7910489,[사사건건 플러스] ‘금사과’ 언제까지?,,2024.03.11 (16:45)
http://news.kbs.co.kr/news/view.do?ncd=7910488,“중국 양회 폐막 직전 시진핑 관저 향해 차량 돌진”,중국의 최대 정치행사인 양회(전국인민대표대회와 전국인민정치협상회의) 폐막을 앞두고 시진핑 ...,2024.03.11 (16:41)
http://news.kbs.co.kr/news/view.do?ncd=7910487,"[총선] 이재명, 임종석에 공동선대위원장 제안…“함께하는 길 고민해주시길”",더불어민주당 이재명 대표는 오늘(11일) 임종석 전 대통령 비서실장을 향해 “정권 심판과 ...,2024.03.11 (16:40)
http://news.kbs.co.kr/news/view.do?ncd=7910486,경기 용인서 전봇대 쓰러져 정전…50분 만에 복구,오늘(11일) 오후 3시쯤 경기 용인시 처인구의 공장 지대에서 전봇대가 쓰러지면서 정전이 ...,2024.03.11 (16:37)
http://news.kbs.co.kr/news/view.do?ncd=7910485,"경기교육청, 학교 방문 예약시스템 시범운영…상담 챗봇도",경기도교육청은 교육활동 보호 강화 대책의 일환으로 학교 방문 사전 예약시스템을 일부 학교에...,2024.03.11 (16:37)
http://news.kbs.co.kr/news/view.do?ncd=7910484,"‘RE100’ 관련 기업 지원…경기도, 1,267억 금융 지원",경기도는 ‘경기RE100’ 달성을 위해 올해 신재생에너지산업 관련 기업에 1천267억 원 ...,2024.03.11 (16:37)
http://news.kbs.co.kr/news/view.do?ncd=7910483,"우크라전 영향 미국 무기수출 17%↑, 한국도 12% 늘어…러는 반토막",최근 5년간 유럽의 무기 수입이 2배 증가한 것으로 나타났습니다. 같은 기간 미국과 프랑스...,2024.03.11 (16:36)
http://news.kbs.co.kr/news/view.do?ncd=7910482,전동차에서 종이에 불을?…두려움에 떤 승객들 “하마터면”,"     ""전동차 내에서 한 승객이 종이에 불을 붙이고 있어요.""주말인 지난 9일  토요일...",2024.03.11 (16:35)
http://news.kbs.co.kr/news/view.do?ncd=7910481,“학교 급식실은 ‘산재 백화점’이라 불려요”…‘개선’ 약속한 뒤 예산만 쏙? [취재후],"두 살 터울의 초등학생 남매를 자녀로 둔 정 씨,  20여년 전 자녀가 다니는 학교 선생님...",2024.03.11 (16:32)
http://news.kbs.co.kr/news/view.do?ncd=7910479,경기 부천 종교시설서 불…40대 여성 연기 흡입,어제 오후 4시 40분쯤 경기 부천에 있는 한 종교시설에서 불이 나 30여 분만에 꺼졌습니...,2024.03.11 (16:29)
http://news.kbs.co.kr/news/view.do?ncd=7910478,"군인권센터, ‘인권위원 감금 수사’ 유엔에 진정…“군 사망자 유족 탄압”",국가인권위원회를 항의 방문했다가 감금 등 혐의로 입건된 군 사망자 유족들에게 경찰이 소환조...,2024.03.11 (16:29)
http://news.kbs.co.kr/news/view.do?ncd=7910477,서울시 “기후동행카드로 서울대공원·서울식물원 무료 입장까지”,서울시가 무제한 대중교통 통합 정기권인 기후동행카드와 연계해 문화·여가시설 입장료를 면제하...,2024.03.11 (16:22)
http://news.kbs.co.kr/news/view.do?ncd=7910475,"우리 정부, 후쿠시마 5차 방류 교차검증 참여…“앞으로도 참여할 것”",정부는 국제원자력기구(IAEA)가 일본 후쿠시마 제1원자력발전소 오염수 5차 방류의 샘플을...,2024.03.11 (16:20)
http://news.kbs.co.kr/news/view.do?ncd=7910474,국방부 “군의관 추가 파견 요청하면 가용범위 내 지원”,국방부는 전공의 집단행동과 관련해 중앙재난안전대책본부(중대본)에서 군의관 추가 파견을 요청...,2024.03.11 (16:19)
http://news.kbs.co.kr/news/view.do?ncd=7910473,중증질환연합회 “정부·의료계 ‘강대강’ 대치…전적으로 ‘환자’가 피해”,중증질환 환자 단체가 정부와 의료계의 강대강 대치로 피해를 보는 것은 전적으로 환자들이라며...,2024.03.11 (16:19)
http://news.kbs.co.kr/news/view.do?ncd=7910470,미국 최대 영화 축제서 나발니 추모…다큐상엔 ‘마리우폴에서의 20일’,미국 영화계의 최대 축제인 아카데미(오스카) 시상식이 지난달 사망한 러시아의 야권 운동가 ...,2024.03.11 (16:15)
http://news.kbs.co.kr/news/view.do?ncd=7910468,[총선] 선관위 “선거 보안 취약점 대부분 조치…미비점 있으면 개선”,중앙선거관리위원회는 4월 총선을 앞두고 지난해 보안 점검에서 지적된 취약점에 대한 개선 조...,2024.03.11 (16:13)
http://news.kbs.co.kr/news/view.do?ncd=7910467,"이종섭, 신임장 원본 없이 출국…“다음달 귀국해 수여식 참석할 듯”",'해병대 채상병 사건 수사 외압 의혹'으로 수사를 받던 중 주호주 대사로 임명돼 출국한 이...,2024.03.11 (16:11)
http://news.kbs.co.kr/news/view.do?ncd=7910464,[사사건건] 총선 D-30…여야 ‘말실수 주의보’,,2024.03.11 (16:04)
http://news.kbs.co.kr/news/view.do?ncd=7910463,[사사건건] 오늘의 주요 뉴스,,2024.03.11 (16:01)
http://news.kbs.co.kr/news/view.do?ncd=7910462,[총선] 더불어민주연합 ‘비례 1번’ 전지예…민주 지도부 “심각한 우려”,더불어민주당 지도부는 야권 비례대표 위성정당인 더불어민주연합에서 시민사회 몫의 국민 후보로...,2024.03.11 (15:59)
http://news.kbs.co.kr/news/view.do?ncd=7910461,서울 강남구 기계식 주차장에서 작업하던 외국인 근로자 숨져,어제(10일) 오전 9시 50분쯤 서울 강남구 역삼동의 한 기계식 주차장 건물에서 작업하던...,2024.03.11 (15:57)
http://news.kbs.co.kr/news/view.do?ncd=7910460,"코스피, 사흘만에 하락 2,660선 내줘…코스닥은 올라","코스피가 하락 마감하면서 2,660선을 내줬습니다. 오늘(11일) 코스피 지수는 지난주보다...",2024.03.11 (15:53)
http://news.kbs.co.kr/news/view.do?ncd=7910458,"일본 닛케이지수, 하루 2.2% 급락…다시 거품경제 최고치 아래로",일본 증시의 대표 주가지수인 닛케이225 평균주가(닛케이지수)가 11일 급락하면서 다시 버...,2024.03.11 (15:49)
http://news.kbs.co.kr/news/view.do?ncd=7910457,[총선] 김부겸 “당 승리위해 선대위 합류…친명·친문 이런 말 버리자”,김부겸 전 국무총리는 “더불어민주당의 총선 승리를 위해 서거대책위원회에 합류하기로 결정했다...,2024.03.11 (15:46)
http://news.kbs.co.kr/news/view.do?ncd=7910456,양안 긴장 속 타이완 국방장관 전쟁지휘소서 주말에도 대기,중국과 타이완 간 긴장이 고조되는 가운데 타이완 국방부장(장관)이 중국 침공에 대비해 전시...,2024.03.11 (15:46)
http://news.kbs.co.kr/news/view.do?ncd=7910455,‘무법천지’ 아이티에 교민 70여 명…“접수된 피해 없어”,갱단 폭동으로 최악의 치안 상황을 맞은 카리브해 섬나라 아이티에 우리 교민 70여 명이 거...,2024.03.11 (15:45)
http://news.kbs.co.kr/news/view.do?ncd=7910453,20대 남성 교통사고로 숨져…운전자 구속영장 신청,"술에 취해 운전하다, 도로 위에 쓰러져 있던 20대 남성을 친 운전자에 대해 경찰이 구속영...",2024.03.11 (15:34)
http://news.kbs.co.kr/news/view.do?ncd=7910452,중국 우크라 특사 “긴장격화 반대…적절한 때 평화회의 지지”,중국은 우크라이나 전쟁의 추가 격화가 국제사회에 도움이 되지 않으며 적절한 때에 평화회의가...,2024.03.11 (15:34)
http://news.kbs.co.kr/news/view.do?ncd=7910451,"해외체류 국민, 한국 휴대전화 없어도 디지털서비스 이용 가능",이르면 올해 하반기부터 해외에 체류하는 국민이 한국 휴대전화 없이도 정부의 디지털 서비스를...,2024.03.11 (15:34)
http://news.kbs.co.kr/news/view.do?ncd=7910450,"교육부 “사교육 업체 유착 교원, 강력한 징계 요구할 것”","사교육 업체와 유착한 교원과 학원 관계자 등에 대한 감사원의 수사 요청과 관련해, 교육부는...",2024.03.11 (15:30)
http://news.kbs.co.kr/news/view.do?ncd=7910449,조용병 은행연합회장 “‘은행은 안전하다’는 국민 신뢰 부응해야”,조용병 은행연합회장은 “올 한해 은행 산업이 수익성은 떨어지고 리스크는 증가하는 어려운 한...,2024.03.11 (15:27)
http://news.kbs.co.kr/news/view.do?ncd=7910446,"‘모의고사 판박이 수능 영어 23번’ 왜 나왔고, 어떻게 뭉갰나","감사원이 현직 고교 교사와 사교육업체 관계자 등 56명을 청탁금지법 위반, 업무방해 등의 ...",2024.03.11 (15:23)
http://news.kbs.co.kr/news/view.do?ncd=7910445,감사보고서 제출 시기 도래…거래소 “한계기업 투자 유의”,2023년 사업연도 12월 결산법인의 감사보고서 제출 시한이 다가오는 가운데 한국거래소가 ...,2024.03.11 (15:20)
http://news.kbs.co.kr/news/view.do?ncd=7910444,"[총선] 민주, 내일 총선선대위 출범…‘이재명·이해찬·김부겸’ 3톱 체제","더불어민주당이 4월 총선을 이재명 대표와 이해찬 전 대표, 김부겸 전 국무총리 '3톱 체제...",2024.03.11 (15:16)
http://news.kbs.co.kr/news/view.do?ncd=7910443,"‘검정고무신’ 작가 기일인 3월 11일, ‘만화·웹툰 저작권의 날’로",인기 만화 ‘검정고무신’을 그린 고 이우영 작가의 기일인 3월 11일이 만화·웹툰 단체들이...,2024.03.11 (15:16)
http://news.kbs.co.kr/news/view.do?ncd=7910442,"정부, 세계 최대 콘텐츠 축제에 국내 메타버스 기업 참가 지원",과학기술정보통신부는 미국 텍사스주 오스틴에서 열리는 세계 최대 종합 콘텐츠 축제 '사우스 ...,2024.03.11 (15:16)
http://news.kbs.co.kr/news/view.do?ncd=7910441,"대한상의, ‘부산 소재 대형마트 의무 휴업, 평일 전환 추진’ 환영",정부와 부산시 등이 최근 부산지역 대형마트 의무휴업일을 평일로 전환하겠다는 계획을 발표한 ...,2024.03.11 (15:15)
http://news.kbs.co.kr/news/view.do?ncd=7910440,"고용부, ‘안실단’ 사례집 발간 “대국민 안전문화 확산”",‘안전문화 실천추진단’(이하 안실단)의 다양한 안전문화 확산 활동이 담긴 사례집이 발간됐습...,2024.03.11 (15:15)
http://news.kbs.co.kr/news/view.do?ncd=7910439,“가자 지구 임신부 6만 명 영양실조·탈수 등 고통”,이스라엘과 하마스가 전쟁을 벌이는 팔레스타인 가자 지구에서 많은 임신부가 영양실조 등으로 ...,2024.03.11 (15:14)
http://news.kbs.co.kr/news/view.do?ncd=7910437,"감사원, “현직 교사들이 업체 차려 문제 팔이”","현직 교원과 사교육 업체 간 '문항 거래' 의혹에 대한 감사 결과, 평가원이 논란이 된 '...",2024.03.11 (15:11)
http://news.kbs.co.kr/news/view.do?ncd=7910436,"이주호, 의대협에 대화 요청…“모레까지 답신 달라”","의대 증원 방침에 반발하는 의대생들의 '동맹 휴학' 움직임이 이어지는 가운데, 이주호 부총...",2024.03.11 (15:07)
http://news.kbs.co.kr/news/view.do?ncd=7910435,RIVAL PARTIES BRACE FOR ELECTION,RIVAL PARTIES BRACE FOR ELECTION[Anchor Lead]The g...,2024.03.11 (15:07)
http://news.kbs.co.kr/news/view.do?ncd=7910434,강호동 농협중앙회장 취임…‘변화와 혁신 새 농협’ 비전 선포,제25대 농협중앙회장에 강호동 회장이 취임했습니다. 강호동 신임 회장은 오늘(11일) 서울...,2024.03.11 (15:03)
http://news.kbs.co.kr/news/view.do?ncd=7910433,"정부, 포스코 ‘수소환원제철’ 예타 추진…R&D 예산으로 지원",정부가 산업 연구개발(R&D) 예산으로 포스코의 차세대 수소환원제철 기술 개발을 지원합니다...,2024.03.11 (15:03)
http://news.kbs.co.kr/news/view.do?ncd=7910432,"[15시 뉴스타임] 금감원 “홍콩 ELS, 0~100% 차등 배상”","[15시 뉴스타임] 금감원 “홍콩 ELS, 0~100% 차등 배상”...",2024.03.11 (15:02)
http://news.kbs.co.kr/news/view.do?ncd=7910431,"윤 대통령 “춘천, 데이터 산업 글로벌 거점으로 거듭날 것”",윤석열 대통령이 전국 최초의 수열에너지를 활용한 데이터센터 집적 단지가 들어설 강원도 춘천...,2024.03.11 (14:48)
http://news.kbs.co.kr/news/view.do?ncd=7910430,[총선] 이채익 “총선 불출마…‘무소속 출마 암시글’ 죄송”,4·10 총선 공천에서 사실상 컷오프(공천 배제) 되자 탈당 후 무소속 출마를 시사했던 국...,2024.03.11 (14:48)
http://news.kbs.co.kr/news/view.do?ncd=7910428,[총선] ‘5·18 발언 논란’ 도태우 공천 두고 국민의힘 비대위 안에서도 이의 제기,5·18 민주화운동 관련 발언으로 논란이 된 도태우 변호사 공천에 대해 국민의힘 지도부 내...,2024.03.11 (14:44)
http://news.kbs.co.kr/news/view.do?ncd=7910427,"500여 개 시민단체, ‘좋은후보’ 선정 위한 유권자운동본부 발족",500여 개 시민단체가 4월 총선을 앞두고 ‘4.10총선 좋은후보 선정을 위한 시민유권자운...,2024.03.11 (14:40)
http://news.kbs.co.kr/news/view.do?ncd=7910426,‘이태원 참사’ 김광호 전 서울청장 “혐의 부인”…유족들 “엄벌 촉구”,10.29 이태원 참사 부실 대응 등 혐의로 재판에 넘겨진 김광호 전 서울경찰청장이 첫 재...,2024.03.11 (14:39)
http://news.kbs.co.kr/news/view.do?ncd=7910425,"연금개혁안 ‘더 내고 더 받기’, ‘더 내고 그대로 받기’ 2가지로 압축","국회 연금개혁 특별위원회 산하 공론화위원회가 '더 내고 더 받기', '더 내고 그대로 받기...",2024.03.11 (14:39)
http://news.kbs.co.kr/news/view.do?ncd=7910424,‘근친혼 범위 축소’에 국민 75% “8촌내 혼인 금지해야”,"법무부가 혼인 금지 범위를 8촌 이내에서 4촌 이내로 축소하는 방안을 검토 중인 가운데, ...",2024.03.11 (14:34)
http://news.kbs.co.kr/news/view.do?ncd=7910423,[총선] 김부겸 “민주당 선대위 합류…입법부란 최후 보루 지켜낼 것”,김부겸 전 총리가 더불어민주당 선거대책위원회에 합류하기로 했습니다.김부겸 전 총리는 오늘(...,2024.03.11 (14:32)
http://news.kbs.co.kr/news/view.do?ncd=7910422,"의협 “군의관·공보의 파견, 의료 현장 혼란…격오지 의료 공백 대안 없어”",대한의사협회는 정부의 군의관·공보의 파견 방침에 “의료 현장의 혼란은 불을 보듯 뻔하다”며...,2024.03.11 (14:23)
http://news.kbs.co.kr/news/view.do?ncd=7910421,"[총선] 새미래, 광주 광산을 이낙연·세종갑 김종민 등 13명 공천",새로운미래가 이낙연·김종민 공동대표 등 지역구 국회의원 선거 후보자 13명을 공천하기로 했...,2024.03.11 (14:16)
http://news.kbs.co.kr/news/view.do?ncd=7910420,금감원 “‘홍콩 ELS’ 배상 비율 20~60%에 쏠릴 듯”,"금융감독원이 오늘(11일) '홍콩 ELS' 분쟁조정기준을 내놓은 가운데, 판매사의 배상 비...",2024.03.11 (14:09)
http://news.kbs.co.kr/news/view.do?ncd=7910419,인권위 “가림막 없는 교정시설 진정실 화장실은 인권침해”,폐쇄회로 텔레비전(CCTV)가 설치된 교정시설 진정실 내 화장실에 가림막을 설치하지 않은 ...,2024.03.11 (14:08)
http://news.kbs.co.kr/news/view.do?ncd=7910416,"고 손명순 여사, 현충원 YS 묘역에 합장",김영삼 전 대통령의 부인 고 손명순 여사의 영결식이 오늘 국립서울현충원에서 진행됐습니다.영...,2024.03.11 (14:06)
http://news.kbs.co.kr/news/view.do?ncd=7910415,야 “외교·법무부 장관 고발·탄핵”…충남서 표심 몰이," [앵커] 더불어민주당은 이종섭 호주 대사 내정자가 출국한 것을 두고 ""국가 권력을 이용한...",2024.03.11 (14:04)
http://news.kbs.co.kr/news/view.do?ncd=7910414,자택에 필로폰 3kg 보관…마약 투약한 40대 남성 체포,경기 의정부시에서 필로폰을 투약한 40대 남성이 경찰에 붙잡혔습니다. 경기 의정부경찰서는 ...,2024.03.11 (14:03)
http://news.kbs.co.kr/news/view.do?ncd=7910413,여 “‘이재명 셀프공천’이 패륜공천…위성정당으로 ‘종북횡재’”, [앵커] 국민의힘은  이재명 대표가 스스로를 공천한 것이야말로 패륜공천이라며 민주당 공세...,2024.03.11 (14:02)
http://news.kbs.co.kr/news/view.do?ncd=7910412,"검찰, ‘야간외출 명령 위반’ 조두순 징역 1년 구형",야간외출 제한 명령을 어기고 집을 나섰다가 재판에 넘겨진 아동 성범죄자 조두순에게 검찰이 ...,2024.03.11 (14:01)
http://news.kbs.co.kr/news/view.do?ncd=7910411,‘논란의 수능 23번’…“평가원 사전 검증 못하고 사후 이의 제기는 뭉개”,2023학년도 대학수학능력시험 영어영역 지문이 대형 입시업체 모의고사 문제와 유사하다는 논...,2024.03.11 (14:01)
http://news.kbs.co.kr/news/view.do?ncd=7910410,‘꿈의 배터리’ 기술개발 올해 본격 시작…배터리 3사 모두 참여,이른바 ‘꿈의 배터리’라고 불리는 전고체 배터리 등 차세대 배터리 기술개발을 위한 민간합동...,2024.03.11 (14:01)
http://news.kbs.co.kr/news/view.do?ncd=7910409,제주·남부 비…내일 중부지방 눈,"전국 대부분 지역이 흐리고 제주도, 호남, 영남 일부 지역에 비가 오겠습니다. 내일 낮에는...",2024.03.11 (14:01)
http://news.kbs.co.kr/news/view.do?ncd=7910408,"전공의 4,944명에 면허 정지 사전통지서 발송","정부가 지난주까지 4,900여 명의 전공의에게 면허 정지 처분 사전통지서를 발송했다고 밝혔...",2024.03.11 (14:01)
http://news.kbs.co.kr/news/view.do?ncd=7910407,"금감원, 홍콩 ELS 배상기준 발표…“판매사·투자자별 차등 적용 0~100%”"," [앵커] 홍콩 ELS 예상 투자 손실이 약 6조 원에 달하는 가운데, 금융감독원이 손실 ...",2024.03.11 (14:00)
http://news.kbs.co.kr/news/view.do?ncd=7910406,‘다방 업주들 살해’ 이영복 첫 재판서 “살인 인정·강간 부인”,다방을 운영하는 여성 2명을 잇달아 살해하고 금품을 훔쳐 달아난 혐의로 구속 기소된 이영복...,2024.03.11 (13:51)
http://news.kbs.co.kr/news/view.do?ncd=7910405,[총선] 녹색정의당 “양당 ‘위성정당’ 헌법소원 제출 계획…정당법 잠탈”,녹색정의당이 거대 양당의 총선 비례대표 위성정당인 ‘국민의미래’와 ‘더불어민주연합’과 관련...,2024.03.11 (13:50)
http://news.kbs.co.kr/news/view.do?ncd=7910404,민주당 ‘돈봉투 수수’ 혐의 의원들 다음달 2일 재판 시작,더불어민주당 ‘전당대회 돈봉투’ 수수 혐의 의원들의 재판이 다음달 시작됩니다. 서울중앙지법...,2024.03.11 (13:49)
http://news.kbs.co.kr/news/view.do?ncd=7910403,"인도네시아 항공사, 운항 중 동시에 잠든 기장·부기장 정직 처분",여객기 운항 중에 동시에 잠이 든 인도네시아 항공사 바틱에어의 기장과 부기장이 정직 처분을...,2024.03.11 (13:47)
http://news.kbs.co.kr/news/view.do?ncd=7910400,일본 지난해 4분기 GDP 성장률 0.1%…2분기 만에 플러스 전환,"일본 내각부는 지난해 4분기(10∼12월) 일본의 실질 국내총생산(GDP, 계절조정치)이 ...",2024.03.11 (13:35)
http://news.kbs.co.kr/news/view.do?ncd=7910399,"인천 강화군, 군수 별세에 대행체제…보궐선거는 10월16일",지난 9일 유천호 강화군수가 지병으로 별세함에 따라 인천시 강화군은 당분간 윤도영 부군수 ...,2024.03.11 (13:35)
http://news.kbs.co.kr/news/view.do?ncd=7910398,무면허로 음주운전하다 도주…30대 불법체류자 검거,무면허 상태로 음주운전을 하다가 경찰의 단속에 응하지 않고 도주한 불법체류자가 검거됐습니다...,2024.03.11 (13:32)
http://news.kbs.co.kr/news/view.do?ncd=7910397,술 마시다 “집에 가겠다”고 하자 폭행…60대 남성 체포,함께 술을 마시던 여성이 집에 가겠다고 하자 욕설을 하고 폭행한 남성이 경찰에 붙잡혔습니다...,2024.03.11 (13:26)
http://news.kbs.co.kr/news/view.do?ncd=7910396,서울경찰청장 “잇단 비위 송구…경찰서장에게도 책임 물을 것”,조지호 서울경찰청장은 최근 서울 경찰의 잇따른 비위 행위에 대해 송구스럽다며 앞으로 일선 ...,2024.03.11 (13:26)
http://news.kbs.co.kr/news/view.do?ncd=7910395,[총선] 임종석 “이재명 중심으로 단결해야…이제부턴 친명도 비명도 없어”,4·10 총선 더불어민주당 서울 중·성동갑 공천에서 배제된 임종석 전 대통령 비서실장이 “...,2024.03.11 (13:25)
http://news.kbs.co.kr/news/view.do?ncd=7910394,포르투갈 총선서 집권 여당 누르고 중도 우파 1당…극우 급부상,현지 시각 10일 치러진 포르투갈 조기 총선에서 중도 우파 정당이 집권 여당인 중도 좌파 ...,2024.03.11 (13:16)
http://news.kbs.co.kr/news/view.do?ncd=7910392,"‘조선학교 보조금 지급’ 일본 지자체, 첫 100곳 이하",재일 민족학교인 조선학교에 보조금을 지급하는 일본 지방자치단체가 2022년 처음으로 100...,2024.03.11 (13:04)
http://news.kbs.co.kr/news/view.do?ncd=7910390,"코스피 2,673.01 코스닥 873.87",,2024.03.11 (12:59)
http://news.kbs.co.kr/news/view.do?ncd=7910389,무료 공영주차장에 한 달 이상 버려두면 견인,무료 공영주차장에 차량을 한 달 이상 버려두면 앞으로는 강제 견인할 수 있게 됩니다.지난 ...,2024.03.11 (12:56)
http://news.kbs.co.kr/news/view.do?ncd=7910388,남쪽에 먼저 피어난 봄…봄꽃 축제 한창, [앵커] 주말인 어제 꽃샘추위가 풀리면서 전국적으로 화창한 봄 날씨를 보였죠. 경남과 전...,2024.03.11 (12:54)
http://news.kbs.co.kr/news/view.do?ncd=7910387,‘고기 맛’ 나는 곰팡이…차세대 대체육 연구," [앵커] 동물을 해치지 않고 미생물 발효나 식물을 이용해 만드는 고기인 '대체육', 들어...",2024.03.11 (12:51)
http://news.kbs.co.kr/news/view.do?ncd=7910386,"남아공, 자생식물로 ‘메마른 땅’ 살리기", 남아프리카 공화국 리틀 카루 지역. 건조 지역인 이곳은 과도한 방목과 장기간 가뭄으로 땅...,2024.03.11 (12:49)
http://news.kbs.co.kr/news/view.do?ncd=7910385,얼음 악기의 뜨거운 울림…이탈리아 ‘설산 콘서트’,"[앵커] 이탈리아에선 2,600미터 높이의 설산에서 얼음 악기로 연주하는 이색적인 콘서트가...",2024.03.11 (12:49)
http://news.kbs.co.kr/news/view.do?ncd=7910384,"중국 석유화학업체, 지하 만 미터 깊이 시추 성공",[앵커] 중국 석유화학업체 시노켐이 신장 타클라마칸 사막의 타림분지에서 깊이 만 미터에 이...,2024.03.11 (12:47)
http://news.kbs.co.kr/news/view.do?ncd=7910383,"일본, 기초생활수급 신청 건수 10여 년 만에 최다", [앵커] 일본에서는 지난해 기초생활수급 신청 건수가 25만 건을 넘어 10여 년 만에 가...,2024.03.11 (12:47)
http://news.kbs.co.kr/news/view.do?ncd=7910381,도심 골칫거리 된 ‘비둘기’…“불임 사료로 조절?”," [앵커] 도심에서 비둘기 떼를 마주치는 경험, 너무나 익숙한데요. 하지만 평화의 상징에서...",2024.03.11 (12:42)
http://news.kbs.co.kr/news/view.do?ncd=7910380,외국인 계절근로자 ‘올해 역대 최다’…“제도 개선도 시급”, [앵커] 저출산과 고령화로 농촌에서는 인력 구하기가 '하늘의 별 따기'란 말까지 나오는데...,2024.03.11 (12:39)
http://news.kbs.co.kr/news/view.do?ncd=7910379,“복지 등기 왔습니다”…집배원이 치매 노인 관리," [앵커] 우리나라도 초고령사회에 가까워지면서 치매 환자가 덩달아 늘고 있지만, 관리할 인...",2024.03.11 (12:37)
http://news.kbs.co.kr/news/view.do?ncd=7910378,[이 시각 주요뉴스] 홍콩 ELS 손실 배상 “판매사·투자자별 차등” 외,"홍콩 H지수 주가연계증권, ELS의 대규모 원금 손실 사태를 고강도로 조사해 온 금융감독원...",2024.03.11 (12:35)
http://news.kbs.co.kr/news/view.do?ncd=7910377,[기후는 말한다] 북극 이어 남극 소용돌이도 ‘와르르’…해빙이 녹는다," [앵커] 남극의 바다 얼음, 해빙이 빠르게 녹으면서 올해 해빙 면적이 역대 2번째로 작았...",2024.03.11 (12:34)
http://news.kbs.co.kr/news/view.do?ncd=7910376,[기후는 말한다] 경기도 대기 중 중금속 농도↑…“중국 춘절 영향”,중국 춘절 폭죽놀이 이후 경기도 지역 대기의 중금속 농도가 증가했다는 분석이 나왔습니다. ...,2024.03.11 (12:32)
http://news.kbs.co.kr/news/view.do?ncd=7910375,[기후는 말한다] 양파 ‘노균병’ 확산 우려…잦은 비·이상 고온 탓,기후 환경 뉴스 '기후는 말한다'입니다.지난 겨울 잦은 비와 평년보다 높은 기온이 이어지면...,2024.03.11 (12:32)
http://news.kbs.co.kr/news/view.do?ncd=7910374,"일본 언론 “북한 정찰위성, 한일 상공 정상 비행”",지난해 11월 발사한 북한의 첫 정찰위성이 한일 상공의 궤도를 돌고 있다고 일본 요미우리신...,2024.03.11 (12:30)
http://news.kbs.co.kr/news/view.do?ncd=7910373,‘옷 수선비’ 지원 나선 프랑스…패스트패션에는 벌금 추진, [앵커] 프랑스에서는  헌 옷을 수선하거나  패션에 맞춰 고쳐 입는 바람이 불고 있다고 ...,2024.03.11 (12:29)
http://news.kbs.co.kr/news/view.do?ncd=7910372,"‘불법 도박사이트 운영’ 한인 인터폴 수배자, 베트남서 체포",한국에서 불법 도박 사이트를 운영하다가 베트남으로 도주한 50대 한인 남성이 현지 공안에 ...,2024.03.11 (12:29)
http://news.kbs.co.kr/news/view.do?ncd=7910371,태국은 망고가 1/4 가격…수입 과일 아직 비싼 이유는?, [앵커] 요즘 과일값이  워낙 비싸다 보니 수입 과일로 눈을 돌리는 소비자분들 많으신데요...,2024.03.11 (12:27)
http://news.kbs.co.kr/news/view.do?ncd=7910370,대통령궁 난입 이어 방위대원 억류까지…‘43명 실종’ 시위 격화, [앵커] 멕시코에서는 10년 전에 발생한 대학생 실종 사건 관련 수사 상황에 항의하는 시...,2024.03.11 (12:25)
http://news.kbs.co.kr/news/view.do?ncd=7910369,"무법천지 아이티, 서방 대사관 탈출 러시…부켈레가 지원?", [앵커] 카리브해 섬나라 아이티의 혼란 상황이 갈수록 심각해지고 있습니다. 현지 주재  ...,2024.03.11 (12:23)
http://news.kbs.co.kr/news/view.do?ncd=7910368,가자 구호품 해상 운송 임박…전쟁 속 라마단 시작, [앵커] 가자 지구에 전달될  구호품을 실은 선박의 출항이  임박한 것으로 알려졌습니다....,2024.03.11 (12:21)
http://news.kbs.co.kr/news/view.do?ncd=7910365,"“문준용, 특혜취업 의혹은 허위”…배상 판결 확정",문재인 전 대통령 아들 문준용 씨가 자신의 특혜 채용 의혹을 제기한 전 국민의당 측에서 위...,2024.03.11 (12:18)
http://news.kbs.co.kr/news/view.do?ncd=7910364,손명순 여사 오늘 발인…현충원 YS 묘역에 합장, [앵커] 김영삼 전 대통령의 부인 고 손명순 여사가  오늘 발인 예배와 영결식을 끝으로 ...,2024.03.11 (12:17)
http://news.kbs.co.kr/news/view.do?ncd=7910363,통영 어선 전복 사흘째 수색…“선체에 실종자 없어”,경상남도 통영 앞바다에서 일어난 어선 전복 사고의 실종자를 찾는 수색 작업이 사흘째 계속 ...,2024.03.11 (12:16)
http://news.kbs.co.kr/news/view.do?ncd=7910362,충전 중 전기차에서 불…여수 낚싯배 좌초 전원 구조, [앵커] 주차장에서 충전 중이던  전기차에서 불이 났습니다. 여수 바다에서는 낚싯배가 좌...,2024.03.11 (12:14)
http://news.kbs.co.kr/news/view.do?ncd=7910361,"공정위, 에어비앤비 제재…“회사 주소·연락처 제대로 공개 안 해”", [앵커] 공정거래위원회가 숙박 공유 서비스 에어비앤비가 전자상거래법을 어긴  사실을 적발...,2024.03.11 (12:12)
http://news.kbs.co.kr/news/view.do?ncd=7910360,‘의료공백 해소’ 공공병원 활용한다지만…“환자 늘지 않아 투자 절실”, [앵커] 정부는 대형병원 의료공백 대안으로 공공병원을 적극 활용하겠다고 했습니다. 운영 ...,2024.03.11 (12:10)
http://news.kbs.co.kr/news/view.do?ncd=7910359,"[현장영상] D-30 이재명 “이종섭 출국, 국민 이해할 수 있나”", 더불어민주당 이재명 대표는 오늘(11일) 최고위원회의에서 '해병대 채 상병 사건 수사 외...,2024.03.11 (12:08)
http://news.kbs.co.kr/news/view.do?ncd=7910358,"“전공의 4,944명에게 면허 정지 사전통지서 발송”", [앵커] 의대 증원에 반발한 전공의들이  집단으로 사직서를 내고  병원을 떠난 지 4주째...,2024.03.11 (12:07)
http://news.kbs.co.kr/news/view.do?ncd=7910357,야 “외교·법무부 장관 고발·탄핵”…충남서 표심 몰이," [앵커] 더불어민주당은 이종섭 호주 대사 내정자가 출국한 것을 두고 ""국가 권력을 이용한...",2024.03.11 (12:05)
http://news.kbs.co.kr/news/view.do?ncd=7910356,여 “‘이재명 셀프공천’이 패륜공천…위성정당으로 ‘종북횡재’”, [앵커] 국민의힘은  이재명 대표가 스스로를 공천한 것이야말로 패륜공천이라며 민주당 공세...,2024.03.11 (12:04)
http://news.kbs.co.kr/news/view.do?ncd=7910355,"금감원, 홍콩 ELS 배상기준 발표…“판매사·투자자별 차등 적용 0~100%”"," [앵커] 홍콩 ELS 예상 투자 손실이 약 6조 원에 달하는 가운데, 금융감독원이 손실 ...",2024.03.11 (12:02)
http://news.kbs.co.kr/news/view.do?ncd=7910354,"“양질의 수업자료 공유한 교사, 다운로드 횟수따라 인센티브”",교사 개인이 만든 양질의 수업 콘텐츠를 다른 교사와 공유할 경우 인센티브를 제공하는 방안이...,2024.03.11 (12:00)
http://news.kbs.co.kr/news/view.do?ncd=7910353,"경찰, ‘전공의 블랙리스트 문건’ 유포 관련 ‘디시인사이드’ 압수수색",경찰이 ‘전공의 집단행동 불참자 명단을 작성해 유포하라’는 지침이 담긴 대한의사협회(의협)...,2024.03.11 (12:00)
http://news.kbs.co.kr/news/view.do?ncd=7910352,제주·남부 비…내일 중부지방 눈,"전국 대부분 지역이 흐려지고 제주도, 호남 지방은 비가 오겠습니다. 밤에는 영남 일부 지역...",2024.03.11 (12:00)
http://news.kbs.co.kr/news/view.do?ncd=7910351,‘경제 허리’ 40대 고용보험 가입자 넉 달 연속 감소,"외국인 노동자가 늘면서 고용보험 가입자 수가 증가했지만, 인구 감소 영향으로 40대 가입자...",2024.03.11 (12:00)
http://news.kbs.co.kr/news/view.do?ncd=7910350,회사 주소·연락처 제대로 공개 안 한 에어비앤비 제재,공정거래위원회는 사이버몰 초기화면 등에 자사 주소 등 정보를 제대로 공개하지 않은 '에어비...,2024.03.11 (12:00)
http://news.kbs.co.kr/news/view.do?ncd=7910349,"MZ세대 절반 “우리 사회, 개인정보 유출에 불안전”",1980년 이후에 태어난 청년들을 일컫는 이른바 'MZ세대' 중 절반 이상이 개인정보 유출...,2024.03.11 (12:00)
http://news.kbs.co.kr/news/view.do?ncd=7910348,"한은 “코로나 이후 기업들, 가격 인상 폭 줄인 대신 빈도 늘려”",코로나19 유행 이후 국내 기업들의 상품 가격 인상 폭은 이전과 비교해 크게 늘지 않았지만...,2024.03.11 (12:00)
http://news.kbs.co.kr/news/view.do?ncd=7910347,‘QR코드’로 ATM서 현금 입·출금…설 연휴 기간 사용량 최대,실물 현금카드가 필요 없이 모바일로 ATM 입출금을 지원하는 모바일현금카드 ATM 이용실적...,2024.03.11 (12:00)
http://news.kbs.co.kr/news/view.do?ncd=7910346,[뉴스12 헤드라인],"홍콩 ELS 손실 배상 “판매사·투자자별 차등”홍콩 H지수 주가연계증권, ELS의 대규모 ...",2024.03.11 (12:00)
http://news.kbs.co.kr/news/view.do?ncd=7910345,[총선] 새미래 선대위 출범…“윤석열·이재명 국민 배신 심판”,"새로운미래가 김종민·홍영표 의원을 상임위원장으로 하는 선거대책위원회를 출범시키고, 본격 선...",2024.03.11 (11:54)
http://news.kbs.co.kr/news/view.do?ncd=7910343,‘오펜하이머’ 작품상 등 아카데미 7관왕 싹쓸이,미국의 핵무기 개발을 주도한 천재과학자 로버트 오펜하이머의 전기 영화인 크리스토퍼 놀런 감...,2024.03.11 (11:52)
http://news.kbs.co.kr/news/view.do?ncd=7910342,‘오펜하이머’ 96회 아카데미 7개 부분 수상…‘패스트 라이브즈’ 수상 불발,한국계 셀린 송 감독의 ‘패스트 라이브즈’의 아카데미 수상이 불발됐습니다. 현지시간으로 1...,2024.03.11 (11:52)
http://news.kbs.co.kr/news/view.do?ncd=7910338,"금감원장 “홍콩 ELS 원활한 배상, 사회경제적 비용 최소화”",이복현 금융감독원장은 홍콩 ELS 분쟁조정기준안을 발표하며 “기준안에 따라 배상이 원활히 ...,2024.03.11 (11:50)
http://news.kbs.co.kr/news/view.do?ncd=7910337,“가자 지구 임신부 6만 명 영양실조·탈수 등 고통”,이스라엘과 하마스가 전쟁을 벌이는 팔레스타인 가자 지구에서 많은 임신부가 영양실조 등으로 ...,2024.03.11 (11:50)
http://news.kbs.co.kr/news/view.do?ncd=7910336,"폐지 수집 노인 서울에만 2,400명…서울시, 지원 강화","서울시가 폐지를 주워 생계를 이어가는 노인들의 수입을 보장하고, 안전 장비를 지급하는 등의...",2024.03.11 (11:50)
http://news.kbs.co.kr/news/view.do?ncd=7910335,"미국 군함, 구호용 부두 건설 위해 가자 첫 출항","바닷길을 이용해 식량을 수송, 전달할 수 있도록 팔레스타인 가자 지구 해안에 임시 항구를 ...",2024.03.11 (11:50)
http://news.kbs.co.kr/news/view.do?ncd=7910334,“나에게도 생길 수 있는 일”…무인점포 절도범 다리 걸어 제압한 시민,지난 1월 25일 밤 11시쯤 경기 안산시 단원구의 한 아이스크림 무인판매점에서 현금 절도...,2024.03.11 (11:45)
http://news.kbs.co.kr/news/view.do?ncd=7910333,부산 지하철 전동차 내 방화 시도 50대 검거,부산 동래경찰서는 부산 지하철 열차 내에서 방화를 시도한 혐의로 50대 남성을 긴급체포하고...,2024.03.11 (11:41)
http://news.kbs.co.kr/news/view.do?ncd=7910332,주차된 차량 훔쳐 100㎞ 무면허 운전한 10대 체포,서울에서 주차된 차량을 훔친 뒤 성남과 하남을 거쳐 100㎞가량을 무면허 운전한 10대가 ...,2024.03.11 (11:41)
http://news.kbs.co.kr/news/view.do?ncd=7910331,‘제약회사 영업사원 강제동원 의혹’ 고소인 조사…“지시한 적 없었다”,의협 주관 집회에 제약회사 직원이 참석을 강요당했다는 인터넷 글이 허위라며 작성자를 고소한...,2024.03.11 (11:40)
http://news.kbs.co.kr/news/view.do?ncd=7910330,통영 어선 전복 사흘째…“선체 내부 실종자 없어”,"경남 통영 욕지도 바다에서 일어난 어선 전복 사고로 4명이 숨진 가운데, 나머지 실종자 5...",2024.03.11 (11:39)
http://news.kbs.co.kr/news/view.do?ncd=7910327,"이주호, 의대협에 대화 요청…의대협 “구색맞추기에 불과”","의대 증원 방침에 반발하는 의대생들의 '동맹 휴학' 움직임이 이어지는 가운데, 이주호 부총...",2024.03.11 (11:34)
http://news.kbs.co.kr/news/view.do?ncd=7910326,젊은 외국인 관광객 늘었다…지난해 35.6%가 30대 이하,케이팝을 비롯해 우리 문화가 세계적으로 큰 인기를 끌면서 한국을 찾는 젊은 외국인 관광객이...,2024.03.11 (11:29)
http://news.kbs.co.kr/news/view.do?ncd=7910325,마크롱 “조력 사망 5월 발의 추진…성인 대상 제한적 허용”,에마뉘엘 마크롱 프랑스 대통령이 환자가 직접 약물을 투약하는 등의 방법으로 스스로 죽음을 ...,2024.03.11 (11:28)
http://news.kbs.co.kr/news/view.do?ncd=7910324,"[총선] 전혜숙, 민주당 탈당 선언…“민주당에 방탄·호위 세력만 남아”",더불어민주당 전혜숙(3선·서울 광진갑) 의원이 “민주당에서 내 역할은 다한 것 같다”며 탈...,2024.03.11 (11:28)
http://news.kbs.co.kr/news/view.do?ncd=7910323,[현장영상] D-30 한동훈 “이재명 2찍 발언 사과는 했지만”,"국민의힘 한동훈 비대위원장은 오늘(11일) 비대위원회의에서, 최근 더불어민주당 이재명 대표...",2024.03.11 (11:25)
http://news.kbs.co.kr/news/view.do?ncd=7910322,"[총선] 이준석 “거대 양당, 못난이 대결 그만해야”…‘런종섭’·‘2찍’ 비판",개혁신당 이준석 대표는 오늘(11일) '해병대 사건 수사 외압 의혹'으로 수사를 받던 이종...,2024.03.11 (11:23)
http://news.kbs.co.kr/news/view.do?ncd=7910321,​개성공단지원재단 다음 주쯤 해산…“공단 재산권 침해에 대한 책임 물을 것”​,개성공단 입주 기업에 대한 지원 업무를 해온 개성공업지구지원재단이 다음 주쯤 해산될 예정인...,2024.03.11 (11:18)
http://news.kbs.co.kr/news/view.do?ncd=7910320,"[총선] 고민정, 민주당 최고위에 복귀…“생각 달라도 연대해야”",공천 논란 속에 최고위원직을 사퇴한 더불어민주당 고민정 의원이 오늘(11일) 최고위원회의에...,2024.03.11 (11:18)
http://news.kbs.co.kr/news/view.do?ncd=7910319,흉부외과 의사들 의대 증원 철회 요구…“전공의 위협 멈춰달라”,필수의료를 담당하는 심장흉부외과학회는 전국에 100여 명밖에 남지 않은 미래 심장 수술 의...,2024.03.11 (11:17)
http://news.kbs.co.kr/news/view.do?ncd=7910317,“아파트 발코니에 불꽃이”…비번 소방관이 달려가 불 껐다,비번이던 소방관이 아파트 발코니에서 불꽃을 목격하고 직접 진화에 나서 큰 피해를 막았습니다...,2024.03.11 (11:12)
http://news.kbs.co.kr/news/view.do?ncd=7910316,윤 대통령 “현장의 국민 입장에서 정책 생각하고 삶의 변화 이뤄낼 것”,"윤석열 대통령은 정부가 올해 진행하고 있는 민생토론회를 통해 ""전국의 모든 국민들께서 지역...",2024.03.11 (11:10)
http://news.kbs.co.kr/news/view.do?ncd=7910315,"윤 대통령 “강원도 주력산업, 디지털·바이오 기반 첨단산업으로 재편”","윤석열 대통령이 강원도를 찾아 ""강원의 주력 산업을 디지털, 바이오 기반의 첨단 산업으로 ...",2024.03.11 (11:09)
http://news.kbs.co.kr/news/view.do?ncd=7910314,[총선] 개혁신당 2차 공천 발표…이준석·이원욱·금태섭 등 지역구 18명,개혁신당 공천관리위원회가 2차 공천 심사 결과 지역구 후보자 18명을 공천하기로 했습니다....,2024.03.11 (11:04)
http://news.kbs.co.kr/news/view.do?ncd=7910313,"[속보] “미복귀 전공의 4,944명에게 행정처분 사전통지”","""미복귀 전공의 4,944명에게 행정처분 사전통지""[사진 출처 : 연합뉴스]...",2024.03.11 (11:03)
http://news.kbs.co.kr/news/view.do?ncd=7910312,"[속보] “전공의 11,994명(92.9%) 계약 포기 또는 이탈”","""전공의 11,994명(92.9%) 계약 포기 또는 이탈""[사진 출처 : 연합뉴스]...",2024.03.11 (11:02)
http://news.kbs.co.kr/news/view.do?ncd=7910311,[총선] 이재명 “이종섭 출국은 패륜 정권의 선전포고…제정신이냐”,더불어민주당 이재명 대표는 ‘해병대 채 상병 사건 수사 외압 의혹’을 받고 있는 이종섭 주...,2024.03.11 (11:02)
http://news.kbs.co.kr/news/view.do?ncd=7910309,"“전공의 4,944명에 면허 정지 사전통지서 발송…오늘부터 공보의·군의관 투입”","정부가 지난주까지 4,900여 명의 전공의에게 면허 정지 처분 사전통지서를 발송한 것으로 ...",2024.03.11 (11:01)
http://news.kbs.co.kr/news/view.do?ncd=7910308,산업연구원 “환율 오르면 소재부품 산업엔 긍정적·대기업집단엔 부정적”,"원화 가치가 떨어지면 소재부품 기업의 영업이익률은 상승하지만, 대규모 기업집단 소속 기업에...",2024.03.11 (11:00)
http://news.kbs.co.kr/news/view.do?ncd=7910307,"무료 공영주차장에 ‘1개월 이상 방치’ 차량, 견인 가능해진다",무료 공영주차장에 1달 이상 장기 방치한 차량에 대한 강제 견인이 가능해집니다. 국토교통부...,2024.03.11 (11:00)
http://news.kbs.co.kr/news/view.do?ncd=7910306,"파주시, 택시 부족 개선 위해 휴업 허가 기준 마련",경기 파주시는 택시 부족으로 인한 주민 불편을 개선하기 위해 택시운송사업자의 휴업에 대한 ...,2024.03.11 (11:00)
http://news.kbs.co.kr/news/view.do?ncd=7910304,미 아칸소 개인 파티서 총격…용의자 포함 3명 사망,미국 아칸소주의 한 파티 장소에서 총격 사건이 벌어져 용의자를 포함한 3명이 숨지고 최소 ...,2024.03.11 (10:54)
http://news.kbs.co.kr/news/view.do?ncd=7910299,"대법 “빌딩 화재 책임, 관리회사 아닌 직접 점유자가 져야”",사모부동산집합투자기구(펀드)가 투자해 신탁사가 소유한 건물에서 화재가 발생했다면 투자 회사...,2024.03.11 (10:50)
http://news.kbs.co.kr/news/view.do?ncd=7910292,경남 사천에서 중학교 통학버스와 5t 트럭 충돌 7명 부상,오늘(11일) 오전 8시 반쯤 경남 사천시 곤명면 왕복 2차로 도로에서 중학교 통학버스와 ...,2024.03.11 (10:47)
http://news.kbs.co.kr/news/view.do?ncd=7910291,"러시아, 크림반도 주둔 흑해함대 해군 수장 교체",크림반도에 주둔한 러시아 흑해함대에 대한 우크라이나군의 공격이 거세지는 가운데 러시아 해군...,2024.03.11 (10:47)
http://news.kbs.co.kr/news/view.do?ncd=7910289,"우크라·동맹국들, 교황 ‘백기’ 발언 강력 비판",우크라이나와 일부 유럽 동맹국들이 우크라이나 전쟁과 관련해 협상 필요성을 제기한 프란치스코...,2024.03.11 (10:47)
http://news.kbs.co.kr/news/view.do?ncd=7910279,"‘지역별 거주 외국인 한눈에’…법무부, 데이터 시각화 서비스 제공",전국의 지역별 외국인 거주 현황 등 출입국·이민정책 데이터를 제공하는 ‘이민 행정 빅데이터...,2024.03.11 (10:42)
http://news.kbs.co.kr/news/view.do?ncd=7910270,“어? 집주인이 중국인이었네?”…외국인 부동산 매수 사상 최대 [지금뉴스], 지난해 외국인의 국내 부동산 매수 비중이 사상 최대를 기록한 것으로 나타났습니다.법원 등...,2024.03.11 (10:34)
http://news.kbs.co.kr/news/view.do?ncd=7910269,KBS ‘고려거란전쟁’ 최고 시청률 13.8%로 종영,고려시대 2·3차 여요전쟁을 배경으로 한 KBS 2TV 대하사극 ‘고려거란전쟁’이 마지막 ...,2024.03.11 (10:30)
http://news.kbs.co.kr/news/view.do?ncd=7910268,[총선] 윤재옥 “‘지민비조’는 사법리스크 방어하려는 방탄동맹에 불과”,윤재옥 국민의힘 원내대표가 민주당과 조국혁신당의 선거 연대는 사법리스크를 방어하려는 방탄동...,2024.03.11 (10:23)
http://news.kbs.co.kr/news/view.do?ncd=7910267,[총선] 홍익표 “외교부·법무부 장관 탄핵 추진”…이종섭 출국 맹비판,더불어민주당 홍익표 원내대표가 오늘(11일) ‘해병대 채상병 사건 수사 외압 의혹’으로 고...,2024.03.11 (10:22)
http://news.kbs.co.kr/news/view.do?ncd=7910264,“도난 신고된 보물 ‘미암집 목판’ 6점 중 2점 환수”,조선시대 학자 미암 유희춘의 문집을 찍어낸 목판 402점 중 사라졌던 2점이 환수됐습니다....,2024.03.11 (10:21)
http://news.kbs.co.kr/news/view.do?ncd=7910260,"중증질환자연합·보건의료노조, ‘의사 진료거부 중단’ 서명운동 시작",환자단체와 보건의료노조가 함께 의사들의 진료 거부를 중단하라는 내용으로 오늘(11일)부터 ...,2024.03.11 (10:20)
http://news.kbs.co.kr/news/view.do?ncd=7910259,한 총리 “큰 정치인의 한 시대와 이별…김영삼 대통령·손명순 여사 기억할 것”,한덕수 국무총리가 오늘(11일) “대한민국 현대사의 질곡을 헤쳐오며 민주화와 산업화의 한 ...,2024.03.11 (10:20)
http://news.kbs.co.kr/news/view.do?ncd=7910256,가자 구호품 해상 운송 임박…전쟁 속 라마단 시작, [앵커] 가자 지구에 전달될  구호품을 실은 선박의 출항이  임박한 것으로 알려졌습니다....,2024.03.11 (10:14)
http://news.kbs.co.kr/news/view.do?ncd=7910255,주부·재가입자인데 배상 얼마?…사례별로 보는 ‘홍콩 ELS’ 배상 기준,"      80대 A씨는 2021년 1월 예금에 가입하러 00은행 지점에 갔다가, 은행직원...",2024.03.11 (10:14)
http://news.kbs.co.kr/news/view.do?ncd=7910252,외국인 계절근로자 ‘올해 역대 최다’…“제도 개선도 시급”, [앵커] 저출산과 고령화로 농촌에서는 인력 구하기가 '하늘의 별 따기'란 말까지 나오는데...,2024.03.11 (10:13)
http://news.kbs.co.kr/news/view.do?ncd=7910249,태국은 망고가 1/4 가격…수입 과일 아직 비싼 이유는?, [앵커] 요즘 과일값이  워낙 비싸다 보니  수입 과일로 눈을 돌리는 소비자분들 많으신데...,2024.03.11 (10:11)
http://news.kbs.co.kr/news/view.do?ncd=7910247,‘무단 증축으로 통행 방해’…인파밀집 관리지역 위반 42건 적발,경기도는 올해 1월에서 2월 사이에 인파관리시스템 중점관리지역 9곳에서 점검을 벌여 위반건...,2024.03.11 (10:11)
http://news.kbs.co.kr/news/view.do?ncd=7910246,"일본 언론 “북한, 정찰위성 제어…한일 상공서 돌아”",북한이 지난해 11월 발사한 첫 정찰위성이 고도 상승을 반복하며 한일 상공에서 정상 궤도를...,2024.03.11 (10:11)
http://news.kbs.co.kr/news/view.do?ncd=7910243,"전장연 활동가, 시위 퇴거하다 경찰 때려 체포…올해 들어 5번째 체포",서울 지하철 4호선 혜화역에서 시위하던 전국장애인차별철폐연대(전장연) 활동가가 경찰에 현행...,2024.03.11 (10:10)
http://news.kbs.co.kr/news/view.do?ncd=7910237,충전 중 전기차에서 불…여수 낚싯배 좌초 전원 구조, [앵커] 주차장에서 충전 중이던  전기차에서 불이 났습니다. 여수 바다에서는 낚싯배가 좌...,2024.03.11 (10:07)
http://news.kbs.co.kr/news/view.do?ncd=7910233,[총선] 국민의힘 총선 슬로건 확정…‘국민의힘이 합니다. 지금! 합니다’,국민의힘은 22대 총선 메인 슬로건으로 '국민의힘이 합니다. 지금! 합니다'를 확정했다고 ...,2024.03.11 (10:06)
http://news.kbs.co.kr/news/view.do?ncd=7910232,"국민의힘, 윤재옥 원내대표 임기 연장키로…21대 국회 만료까지",국민의힘 비상대책위원회는 4·10 총선 일정을 고려해 윤재옥(3선·대구 달서을) 원내대표의...,2024.03.11 (10:06)
http://news.kbs.co.kr/news/view.do?ncd=7910229,"이종섭, 어제 호주로 출국…민주당 공항 찾아가 항의", [앵커] 해병대 채 상병 순직 사건 처리 과정에서 외압 행사 의혹을 받고 있는 이종섭 전...,2024.03.11 (10:05)
http://news.kbs.co.kr/news/view.do?ncd=7910226,[총선] 여야 대표 ‘총선 한 달’ 메시지…“민주당 폭주 저지”vs“무능정권 심판”, [앵커] 4.10 총선을 한 달 앞두고 여야 당 대표들이  총선에 임하는 각오를 내놨습니...,2024.03.11 (10:04)
http://news.kbs.co.kr/news/view.do?ncd=7910224,"[속보] 금감원 “홍콩ELS, 판매사 ‘기본배상비율’ 20~40%…0~최대 100%까지 가능”","[속보] 금감원 “홍콩ELS, 판매사 ‘기본배상비율’ 20~40%…0~최대 100%까지 가...",2024.03.11 (10:03)
http://news.kbs.co.kr/news/view.do?ncd=7910222,조규홍 복지장관 “전공의 행정처분 마무리 전에 복귀하면 선처”,조규홍 보건복지부 장관이 미복귀 전공의들에 대해 면허정지 행정처분 절차가 마무리되기 전에 ...,2024.03.11 (10:02)
http://news.kbs.co.kr/news/view.do?ncd=7910219,"금감원 “홍콩 ELS, 판매사가 최소 23% 배상”", 홍콩 ELS의 대규모 원금 손실 사태를 조사해 온 금융감독원이 판매사가 최소 23%에서 ...,2024.03.11 (10:02)
http://news.kbs.co.kr/news/view.do?ncd=7910218,930뉴스 경인,,2024.03.11 (10:02)
http://news.kbs.co.kr/news/view.do?ncd=7910211,중대본 “의사로서 신념 생각해 병원 돌아와달라”…오늘 서울대 의대 교수 비대위 총회, [앵커] 의대 증원에 반발한 전공의들이  집단으로 사직서를 내고  병원을 떠난 지 4주째...,2024.03.11 (10:00)
http://news.kbs.co.kr/news/view.do?ncd=7910208,"금감원, ‘홍콩 ELS’ 검사 결과 발표…“실적 경쟁에 소비자 보호 뒷전”",‘홍콩 ELS’ 대규모 손실 사태에 대한 금융감독원 고강도 검사 결과 판매 전반에서 소비자...,2024.03.11 (10:00)
http://news.kbs.co.kr/news/view.do?ncd=7910207,"금감원, ‘홍콩 ELS 손실’ 판매사 기본배상비율 20~40%…투자 사례별로 45%p까지 가산·차감","홍콩 H지수 주가연계증권, '홍콩 ELS'의 대규모 원금 손실 사태를 조사해 온 금융감독원...",2024.03.11 (10:00)
http://news.kbs.co.kr/news/view.do?ncd=7910203,[풀영상] 제22대 국회의원선거 제3차 정책토론회,[풀영상] 제22대 국회의원선거 제3차 정책토론회...,2024.03.11 (09:59)
http://news.kbs.co.kr/news/view.do?ncd=7910198,남쪽에 먼저 피어난 봄…봄꽃 축제 한창, [앵커] 주말인 어제 꽃샘추위가 풀리면서 전국적으로 화창한 봄 날씨를 보였죠. 경남과 전...,2024.03.11 (09:59)
http://news.kbs.co.kr/news/view.do?ncd=7910183,“비싸서 못 사먹어요”…‘금값 사과’ 언제까지?, [앵커]  사과와 귤 가격이 70% 넘게 급등했다는 통계 보셨을 텐데요. 국민 과일 사과...,2024.03.11 (09:55)
http://news.kbs.co.kr/news/view.do?ncd=7910174,외국인 계절근로자 ‘올해 역대 최다’…“제도 개선도 시급”, [앵커] 저출산과 고령화로 농촌에서는 인력 구하기가 '하늘의 별 따기'란 말까지 나오는데...,2024.03.11 (09:53)
http://news.kbs.co.kr/news/view.do?ncd=7910165,"남아공, 자생식물로 ‘메마른 땅’ 살리기", 남아프리카 공화국 리틀 카루 지역. 건조 지역인 이곳은 과도한 방목과 장기간 가뭄으로 땅...,2024.03.11 (09:50)
http://news.kbs.co.kr/news/view.do?ncd=7910164,얼음 악기의 뜨거운 울림…이탈리아 ‘설산 콘서트’,"[앵커] 이탈리아에선 2,600미터 높이의 설산에서 얼음 악기로 연주하는 이색적인 콘서트가...",2024.03.11 (09:50)
http://news.kbs.co.kr/news/view.do?ncd=7910161,"문준용 ‘특혜취업 의혹 제기’ 국민의당 상대 손배소, 2심도 승소",문재인 전 대통령 아들 문준용 씨가 자신의 특혜 채용 의혹을 제기한 전 국민의당 관계자들로...,2024.03.11 (09:49)
http://news.kbs.co.kr/news/view.do?ncd=7910157,"중국 석유화학업체, 지하 만 미터 깊이 시추 성공",[앵커] 중국 석유화학업체 시노켐이 신장 타클라마칸 사막의 타림분지에서 깊이 만 미터에 이...,2024.03.11 (09:48)
http://news.kbs.co.kr/news/view.do?ncd=7910156,"일본, 기초생활수급 신청 건수 10여 년 만에 최다", [앵커] 일본에서는 지난해 기초생활수급 신청 건수가 25만 건을 넘어 10여 년 만에 가...,2024.03.11 (09:48)
http://news.kbs.co.kr/news/view.do?ncd=7910153,이번 달 10일까지 수출 1년 전보다 13.4%↓…“조업일수 영향”,이번 달 1일부터 10일까지 수출액이 조업일수가 줄어든 영향 등으로 1년 전보다 13.4%...,2024.03.11 (09:46)
http://news.kbs.co.kr/news/view.do?ncd=7910151,"코스피 2,665.02 코스닥 873.37",,2024.03.11 (09:45)
http://news.kbs.co.kr/news/view.do?ncd=7910150,중대본 “의사가 환자와 함께하지 않는다면 국민 공감 얻지 못할 것”,정부가 미복귀 전공의들에게 의료인의 사회적 책임과 환자를 생각해 의료 현장으로 복귀하라고 ...,2024.03.11 (09:45)
http://news.kbs.co.kr/news/view.do?ncd=7910149,가자 구호품 해상 운송 임박…전쟁 속 라마단 시작, [앵커] 가자 지구에 전달될  구호품을 실은 선박의 출항이  임박한 것으로 알려졌습니다....,2024.03.11 (09:44)
http://news.kbs.co.kr/news/view.do?ncd=7910148,[총선] 국민의힘 공관위 “비례대표 공천 신청 안 했어도 후보 추천 가능”,"장동혁 국민의힘 사무총장은 위성정당 ‘국민의미래’의 4·10 총선 비례대표 공천과 관련, ...",2024.03.11 (09:43)
http://news.kbs.co.kr/news/view.do?ncd=7910147,"[총선] 민주당, 현역 4명 경선 탈락…이낙연 광산을 출마"," [앵커] 야권에선 더불어민주당 지역구 후보 막바지 경선 발표가 이어졌고, 비례대표 공천도...",2024.03.11 (09:43)
http://news.kbs.co.kr/news/view.do?ncd=7910146,"[총선] 여, 인요한 등 530명 비례 공천 신청…“‘기호 4번’ 목표”"," [앵커] 국민의힘의 공천이  사실상 마무리된 가운데, 위성정당인 국민의미래는 본격적인 비...",2024.03.11 (09:41)
http://news.kbs.co.kr/news/view.do?ncd=7910145,영화 ‘파묘’ 관객 800만 돌파…‘서울의봄’보다 일주일 빨라,장재현 감독의 오컬트 영화 ‘파묘’가 지난 주말 흥행 독주를 이어가며 800만 관객을 돌파...,2024.03.11 (09:41)
http://news.kbs.co.kr/news/view.do?ncd=7910144,[총선] 여야 대표 ‘총선 한 달’ 메시지…“민주당 폭주 저지” vs “무능정권 심판”, [앵커] 4.10 총선을 한 달 앞두고 여야 당 대표들이  총선에 임하는 각오를 내놨습니...,2024.03.11 (09:38)
http://news.kbs.co.kr/news/view.do?ncd=7910143,충전 중 전기차에서 불…여수 낚싯배 좌초 전원 구조, [앵커] 주차장에서 충전 중이던  전기차에서 불이 났습니다. 여수 바다에서는 낚싯배가 좌...,2024.03.11 (09:36)
http://news.kbs.co.kr/news/view.do?ncd=7910142,[전종철의 전격시사] 조규홍 장관 (보건복지부) - “의대증원 2천명도 부족…집단행동 확산막기위해 대화의지 있어”,==================================================...,2024.03.11 (09:34)
http://news.kbs.co.kr/news/view.do?ncd=7910140,"문화재청, ‘김제 진봉산 망해사 일원’ 명승 지정 예고",사찰과 낙조가 절경을 이루는 전북 김제 망해사 일원이 명승으로 지정됩니다.문화재청은 오늘(...,2024.03.11 (09:33)
http://news.kbs.co.kr/news/view.do?ncd=7910137,"전국 흐려져 오후에 남부지방 비, 내일 중부지방에 비·눈","오늘(11일)은 전국이 점차 흐려지겠고, 오후에 제주도와 호남지방부터 비가 오기 시작해 밤...",2024.03.11 (09:32)
http://news.kbs.co.kr/news/view.do?ncd=7910136,"이종섭, 어제 호주로 출국…민주당 공항 찾아가 항의", [앵커] 해병대 채 상병 순직 사건 처리 과정에서 외압 행사 의혹을 받고 있는 이종섭 주...,2024.03.11 (09:31)
http://news.kbs.co.kr/news/view.do?ncd=7910135,중대본 “의사로서 신념 생각해 병원 돌아와달라”…오늘 서울대 의대 교수 비대위 총회, [앵커] 의대 증원에 반발한 전공의들이  집단으로 사직서를 내고  병원을 떠난 지 4주째...,2024.03.11 (09:30)
http://news.kbs.co.kr/news/view.do?ncd=7910134,‘제약회사 영업사원 강제동원’ 오늘 고소인 조사…주수호 출석,대한의사협회가 지난 3일 진행된 의협 주관 집회에 제약회사 영업사원 등이 참석을 강요당했다...,2024.03.11 (09:09)
http://news.kbs.co.kr/news/view.do?ncd=7910132,[총선] 한동훈 “민주당 공약이 ‘한미연합훈련 반대·주한미군 철수’인지 답해달라”,민주당이 주도하는 비례정당인 더불어민주연합에서 비례대표 후보 1번으로 전지예 청년겨레하나 ...,2024.03.11 (08:59)
http://news.kbs.co.kr/news/view.do?ncd=7910131,[전종철의 전격시사] 박은식 비상대책위원 (국민의힘) - “정권심판론 약해져…정정당당하게 호남 민심 얻겠다”,==================================================...,2024.03.11 (08:50)
http://news.kbs.co.kr/news/view.do?ncd=7910130,"북한, 13개 지방에서 공업공장 착공식…‘지방발전 20×10’ 계획 속도",김정은 북한 국무위원장이 도농격차를 줄이겠다며 추진 중인 '지방발전 20×10' 계획에 따...,2024.03.11 (08:47)
http://news.kbs.co.kr/news/view.do?ncd=7910128,"서방, ‘갱단 폭력’ 아이티 탈출…미군, 대사관 직원 철수 작전",갱단 폭력으로 몸살을 앓는 카리브해 섬나라 아이티에서 현지 주재 서방국 대사관들의 탈출 행...,2024.03.11 (08:41)
http://news.kbs.co.kr/news/view.do?ncd=7910127,고 손명순 여사 발인…현충원 김영삼 전 대통령 묘역에 합장,김영삼 전 대통령의 부인 고 손명순 여사가 오늘(11일) 영면에 듭니다. 발인식은 오일장이...,2024.03.11 (08:31)
http://news.kbs.co.kr/news/view.do?ncd=7910126,"국방부-교육부, ‘군인 자녀 자율형 공립고’ 지정 추진",정부가 군인 자녀의 교육 여건을 개선하기 위해 '군인 자녀 자율형 공립고' 지정을 추진합니...,2024.03.11 (08:30)
http://news.kbs.co.kr/news/view.do?ncd=7910085,서울우수공공디자인 인증제 다음 달 8일부터 접수 시작,"서울시가 쾌적한 도시 생활 환경 조성을 위해 출시 또는 출시 예정인 벤치, 펜스, 가로등 ...",2024.03.11 (07:58)
http://news.kbs.co.kr/news/view.do?ncd=7910082,"서울시, 수산물 안전성 검사 항목 119→177개 확대…바지락 등 패류 집중 점검도",서울시보건환경연구원이 수산물 안전성 검사 항목을 119개에서 177개로 확대한다고 오늘(1...,2024.03.11 (07:57)
http://news.kbs.co.kr/news/view.do?ncd=7910081,서울시 “양재 양곡도매시장 현대화 신축 공사 시작”,서울시가 서초구 양재동 양곡도매시장 현대화를 위한 설계를 마치고 이달부터 신축 공사에 들어...,2024.03.11 (07:57)
http://news.kbs.co.kr/news/view.do?ncd=7910076,[뉴스광장 영상] 10초에 1개씩 팔린다! 중고물건경매,,2024.03.11 (07:55)
http://news.kbs.co.kr/news/view.do?ncd=7910075,출근길 교통 상황,,2024.03.11 (07:55)
http://news.kbs.co.kr/news/view.do?ncd=7910073,[새로 나온 책] 문명을 이끈 6가지 물질은? ‘물질의 세계’ 외," [앵커] 스마트폰과 인공지능, 2차전지 등 인류에겐 필수불가결한 요소가 된 최첨단 기술들...",2024.03.11 (07:54)
http://news.kbs.co.kr/news/view.do?ncd=7910066,새봄 맞아 묘목 시장 활기…“시세 안정적”, [앵커] 봄을 맞아 우리나라 최대 묘목 시장으로 꼽히는 충북 옥천에서는 묘목 판매가 활기...,2024.03.11 (07:51)
http://news.kbs.co.kr/news/view.do?ncd=7910058,"“중소금융권 대출 이자 환급, 18일부터 신청하세요”", [앵커] 은행권이 소상공인과 자영업자에게  이자 일부를  돌려주는 상생 금융을 시작한 데...,2024.03.11 (07:50)
http://news.kbs.co.kr/news/view.do?ncd=7910043,"금은방 2인조 절도범, 범행 열흘 만에 체포",,2024.03.11 (07:46)
http://news.kbs.co.kr/news/view.do?ncd=7910039,“복지 등기 왔습니다”…집배원이 치매 노인 관리," [앵커] 우리나라도 초고령사회에 가까워지면서 치매 환자가 덩달아 늘고 있지만, 관리할 인...",2024.03.11 (07:46)
http://news.kbs.co.kr/news/view.do?ncd=7910036,[경인 게시판] [공연] 2024 예술인 쇼케이스 ‘연극 가능동 참새방앗간(김동환)’ 외,,2024.03.11 (07:45)
http://news.kbs.co.kr/news/view.do?ncd=7910032,[새로 나온 책] 문명을 이끈 6가지 물질은? ‘물질의 세계’ 외," [앵커] 스마트폰과 인공지능, 2차전지 등  인류에겐 필수불가결한 요소가 된 최첨단 기술...",2024.03.11 (07:43)
http://news.kbs.co.kr/news/view.do?ncd=7910031,태국은 망고가 1/4 가격…수입 과일 아직 비싼 이유는?, [앵커] 요즘 과일값이  워낙 비싸다 보니 수입 과일로 눈을 돌리는 소비자분들 많으신데요...,2024.03.11 (07:43)
http://news.kbs.co.kr/news/view.do?ncd=7910030,새봄 맞아 묘목 시장 활기…“시세 안정적”, [앵커] 봄을 맞아 우리나라 최대 묘목 시장으로 꼽히는 충북 옥천에서는 묘목 판매가 활기...,2024.03.11 (07:43)
http://news.kbs.co.kr/news/view.do?ncd=7910026,“복지 등기 왔습니다”…집배원이 치매 노인 관리," [앵커] 우리나라도 초고령사회에 가까워지면서 치매 환자가 덩달아 늘고 있지만, 관리할 인...",2024.03.11 (07:42)
http://news.kbs.co.kr/news/view.do?ncd=7910022,도심 골칫거리 된 ‘비둘기’…“불임 사료로 조절?”," [앵커] 도심에서 비둘기 떼를 마주치는 경험, 너무나 익숙한데요. 하지만 평화의 상징에서...",2024.03.11 (07:41)
http://news.kbs.co.kr/news/view.do?ncd=7910020,"“중소금융권 대출 이자 환급, 18일부터 신청하세요”", [앵커] 은행권이 소상공인과 자영업자에게  이자 일부를  돌려주는 상생 금융을 시작한 데...,2024.03.11 (07:40)
http://news.kbs.co.kr/news/view.do?ncd=7910016,‘초격차’부터 ‘보급형’까지…“전략다변화로 위기 극복”, [앵커] 우리 산업의 새로운 동력으로 꼽히는 이차전지. 전기차 시장의 성장 둔화로 지난해...,2024.03.11 (07:38)
http://news.kbs.co.kr/news/view.do?ncd=7910009,‘고기 맛’ 나는 곰팡이…차세대 대체육 연구," [앵커] 동물을 해치지 않고 미생물 발효나 식물을 이용해 만드는 고기인 '대체육', 들어...",2024.03.11 (07:36)
http://news.kbs.co.kr/news/view.do?ncd=7910007,“일본 가면 한국 컵라면 먹어라?”…무슨 일이 [잇슈 키워드]," 마지막 키워드, '한국 라면'입니다.  최근 우리나라와 일본에서 판매되는 한국 컵라면을 ...",2024.03.11 (07:34)
http://news.kbs.co.kr/news/view.do?ncd=7910006,아래층에 잘못 배달한 회…위층 손님이 먹고 있었다? [잇슈 키워드]," 다음 키워드, '배달 음식'입니다.  한 배달기사의 사연이 온라인을 달구고 있습니다. 바...",2024.03.11 (07:33)
http://news.kbs.co.kr/news/view.do?ncd=7910004,꽉 막힌 고속도로 1차로…앞차가 비키자 벌어진 풍경 [잇슈 키워드]," 잇슈키워드입니다. 첫 번째 키워드, '고속도로'입니다.  반려동물을 키우는 집이 크게 늘...",2024.03.11 (07:32)
http://news.kbs.co.kr/news/view.do?ncd=7910003,‘의료공백 해소’ 공공병원 활용한다지만…“환자 늘지 않아 투자 절실”, [앵커] 정부는 대형병원 의료공백 대안으로 공공병원을 적극 활용하겠다고 했습니다. 운영 ...,2024.03.11 (07:30)
http://news.kbs.co.kr/news/view.do?ncd=7910000,남쪽에 먼저 피어난 봄…봄꽃 축제 한창, [앵커] 주말인 어제 꽃샘추위가 풀리면서 전국적으로 화창한 봄 날씨를 보였죠. 경남과 전...,2024.03.11 (07:26)
http://news.kbs.co.kr/news/view.do?ncd=7909998,‘옷 수선비’ 지원 나선 프랑스…패스트패션에는 벌금 추진, [앵커] 프랑스에서는  헌 옷을 수선하거나  패션에 맞춰 고쳐 입는 바람이 불고 있다고 ...,2024.03.11 (07:24)
http://news.kbs.co.kr/news/view.do?ncd=7909996,대통령궁 난입 이어 방위대원 억류까지…‘43명 실종’ 시위 격화, [앵커] 멕시코에서는 10년 전에 발생한 대학생 실종 사건 관련 수사 상황에 항의하는 시...,2024.03.11 (07:21)
http://news.kbs.co.kr/news/view.do?ncd=7909994,외국인 계절근로자 ‘올해 역대 최다’…“제도 개선도 시급”, [앵커] 저출산과 고령화로 농촌에서는 인력 구하기가 '하늘의 별 따기'란 말까지 나오는데...,2024.03.11 (07:19)
http://news.kbs.co.kr/news/view.do?ncd=7909993,[크랩] 3만 마리 몰살시킨 ‘독도 강치’ 앞세워 영유권 주장하는 일본,,2024.03.11 (07:17)
http://news.kbs.co.kr/news/view.do?ncd=7909992,"경찰, 전공의 ‘분산수사’ 준비…수천 명 고발 가능성 대비", [앵커] 경찰이 집단 사직 전공의들이 무더기 고발될  가능성에 대비해 분산 수사 지침을 ...,2024.03.11 (07:16)
http://news.kbs.co.kr/news/view.do?ncd=7909991,"이종섭, 어제 호주로 출국…민주당 공항 찾아가 항의", [앵커] 해병대 채 상병 순직 사건 처리 과정에서 외압 행사 의혹을 받고 있는 이종섭 주...,2024.03.11 (07:15)
http://news.kbs.co.kr/news/view.do?ncd=7909990,고 손명순 여사 오늘 영결식…김 전 대통령 묘역 합장,김영삼 전 대통령의 부인 고 손명순 여사의 영결식이 오늘 열립니다. 오늘 오전 7시 서울대...,2024.03.11 (07:13)
http://news.kbs.co.kr/news/view.do?ncd=7909988,"[총선] 민주당, 현역 4명 경선 탈락…이낙연 광산을 출마"," [앵커] 야권에선 더불어민주당 지역구 후보 막바지 경선 발표가 이어졌고, 비례대표 공천도...",2024.03.11 (07:11)
http://news.kbs.co.kr/news/view.do?ncd=7909987,"[잇슈 연예] 잠시 후 아카데미 시상식…한국계, 트로피 품을까", 잠시 후 미국에선 제96회 아카데미 시상식이 열립니다. 한국계 셀린 송 감독의 '패스트 ...,2024.03.11 (07:10)
http://news.kbs.co.kr/news/view.do?ncd=7909986,[잇슈 연예] ‘파묘’ 다음 영화는? 오컬트 장르물 개봉 러시, 한국형 오컬트 영화 '파묘'가 천만 관객을 향해 가는 가운데 극장가에 오컬트 붐이 일었다...,2024.03.11 (07:10)
http://news.kbs.co.kr/news/view.do?ncd=7909985,"[잇슈 연예] 아이유 콘서트, 박보검·뉴진스 등 톱스타 총출동"," 안녕하십니까, '잇슈 연예' 이어갑니다. 주말 연예계에선 가수 '아이유' 씨의 콘서트가 ...",2024.03.11 (07:10)
http://news.kbs.co.kr/news/view.do?ncd=7909984,"[총선] 여, 인요한 등 530명 비례 공천 신청…“‘기호 4번’ 목표”"," [앵커] 국민의힘의 공천이  사실상 마무리된 가운데, 위성정당인 국민의미래는 본격적인 비...",2024.03.11 (07:09)
http://news.kbs.co.kr/news/view.do?ncd=7909983,[총선] 여야 대표 ‘총선 한 달’ 메시지…“민주당 폭주 저지” vs “무능정권 심판”, [앵커] 4.10 총선을 한 달 앞두고 여야 당 대표들이  총선에 임하는 각오를 내놨습니...,2024.03.11 (07:07)
http://news.kbs.co.kr/news/view.do?ncd=7909982,가자 구호품 해상 운송 임박…전쟁 속 라마단 시작, [앵커] 가자 지구에 전달될  구호품을 실은 선박의 출항이  임박한 것으로 알려졌습니다....,2024.03.11 (07:05)
http://news.kbs.co.kr/news/view.do?ncd=7909981,충전 중 전기차에서 불…여수 낚싯배 좌초 전원 구조, [앵커] 주차장에서 충전 중이던  전기차에서 불이 났습니다. 여수 바다에서는 낚싯배가 좌...,2024.03.11 (07:03)
http://news.kbs.co.kr/news/view.do?ncd=7909980,사람인 줄…대롱대롱 낙하산에 매달려 비상착륙 경비행기 [잇슈 SNS],미국의 한 주택가 상공에서 사람이 아닌 '이것'이  대롱대롱 낙하산에 매달려 지상으로 하강...,2024.03.11 (07:03)
http://news.kbs.co.kr/news/view.do?ncd=7909979,[잇슈 SNS] 흥분한 수컷 고릴라와 한 공간에 갇힌 미 동물원 사육사들,크게 흥분한  수컷 고릴라가 무서운 기세로 무언가를 뒤쫓아갑니다.그런 고릴라로부터 황급히 ...,2024.03.11 (07:03)
http://news.kbs.co.kr/news/view.do?ncd=7909978,[잇슈 SNS] 110년 된 전 영국 정치인 초상화에 스프레이·칼질…왜?,전 세계 소셜미디어와 변화무쌍한 인터넷 세상에서 어떤 이슈와 영상들이 주목을 받았을까요? ...,2024.03.11 (07:03)
http://news.kbs.co.kr/news/view.do?ncd=7909976,워킹맘에게 월요병은 두 배로 찾아온다 [창+],"[시사기획 창 '어머니의 된장국_가사노동 해방일지' 중에서]""하필 오늘 나는 회사 일로 새...",2024.03.11 (07:00)
http://news.kbs.co.kr/news/view.do?ncd=7909975,오늘부터 공보의·군의관 파견…교수·전문의 “합리적 방안 논의하자”, [앵커] 의료 공백을 일부나마 메우기 위해 오늘부터 주요 병원에 군의관과 공중보건의가 파...,2024.03.11 (06:59)
http://news.kbs.co.kr/news/view.do?ncd=7909974,[뉴스광장 2부 헤드라인],오늘부터 군의관 등 파견…시국선언·총회정부가 의료공백 사태를 겪고 있는 주요 병원에 오늘부...,2024.03.11 (06:58)
http://news.kbs.co.kr/news/view.do?ncd=7909972,"바이든, 국정연설 직후 하루 만에 후원금 1천만 달러 거둬",조 바이든 미국 대통령이 국정 연설 이후 만 하루 동안 1천만달러(약 132억원)의 후원금...,2024.03.11 (06:42)
http://news.kbs.co.kr/news/view.do?ncd=7909971,“당숙이 사돈되는 사회 용납 못 해”…성균관 유림이 거리로 나온 까닭은, [앵커] 2년 전 헌법재판소가 일률적 근친혼 금지는  위헌이라고 판단하면서  올해 12월...,2024.03.11 (06:39)
http://news.kbs.co.kr/news/view.do?ncd=7909970,폭파 뒤 3년 만에 철거된 남북공동연락사무소…‘설비 반출’ 동향도, [앵커] KBS는 북한 주요 지역의 변화를  위성 사진 분석을 통해 보도하고 있는데요. ...,2024.03.11 (06:36)
http://news.kbs.co.kr/news/view.do?ncd=7909969,태국은 망고가 1/4 가격…수입 과일 아직 비싼 이유는?, [앵커] 요즘 과일값이  워낙 비싸다 보니 수입 과일로 눈을 돌리는 소비자분들 많으신데요...,2024.03.11 (06:34)
http://news.kbs.co.kr/news/view.do?ncd=7909968,대통령궁 난입 이어 방위대원 억류까지…‘43명 실종’ 시위 격화, [앵커] 멕시코에서는 10년 전에 발생한 대학생 실종 사건 관련 수사 상황에 항의하는 시...,2024.03.11 (06:33)
http://news.kbs.co.kr/news/view.do?ncd=7909966,"목소리 높이는 바이든…“트럼프는 위험, 대법원은 잘못된 결정”",국정연설을 통해 사실상 11월 대선 선거운동을 시작한 조 바이든 미국 대통령이 대선 경쟁자...,2024.03.11 (06:30)
http://news.kbs.co.kr/news/view.do?ncd=7909965,[뉴스광장 헤드라인],오늘부터 군의관 등 파견…시국선언·총회정부가 의료공백 사태를 겪고 있는 주요 병원에 오늘부...,2024.03.11 (06:29)
http://news.kbs.co.kr/news/view.do?ncd=7909963,남쪽에 먼저 피어난 봄…봄꽃 축제 한창, [앵커] 주말인 어제 꽃샘추위가 풀리면서 전국적으로 화창한 봄 날씨를 보였죠. 경남과 전...,2024.03.11 (06:26)
http://news.kbs.co.kr/news/view.do?ncd=7909962,‘증세 가벼워 더 위험한’…입원 환자의 덫 ‘섬망’, [앵커] 보이는 증세는 치매와 비슷하지만 치매는 아닙니다. 치매보다 증상이 가볍지만 그래...,2024.03.11 (06:22)
http://news.kbs.co.kr/news/view.do?ncd=7909961,"경찰, 전공의 ‘분산 수사’ 준비…수천 명 고발 가능성 대비", [앵커] 경찰이 집단 사직 전공의들이 무더기 고발될  가능성에 대비해 분산 수사 지침을 ...,2024.03.11 (06:21)
http://news.kbs.co.kr/news/view.do?ncd=7909960,"금감원, ‘홍콩 ELS’ 배상 기준 오늘 발표","대규모 원금 손실이 발생한 홍콩 H지수 주가연계증권, '홍콩 ELS' 사태와 관련해 금융감...",2024.03.11 (06:20)
http://news.kbs.co.kr/news/view.do?ncd=7909959,외국인 계절근로자 ‘올해 역대 최다’…“제도 개선도 시급”,[앵커] 저출산과 고령화로 농촌에서는 인력 구하기가 '하늘의 별 따기'란 말까지 나오는데요...,2024.03.11 (06:18)
http://news.kbs.co.kr/news/view.do?ncd=7909958,"이종호 장관 “딥페이크, 워터마크 의무화 해야”"," [앵커] 인공지능이 만드는 가짜 영상, 이른바 딥페이크에 대한 우려가 커지는 가운데  이...",2024.03.11 (06:16)
http://news.kbs.co.kr/news/view.do?ncd=7909957,"이종섭, 어제 호주로 출국…민주당 공항 찾아가 항의", [앵커] 해병대 채 상병 순직 사건 처리 과정에서 외압 행사 의혹을 받고 있는 이종섭 주...,2024.03.11 (06:15)
http://news.kbs.co.kr/news/view.do?ncd=7909956,고 손명순 여사 오늘 영결식…김 전 대통령 묘역 합장,김영삼 전 대통령의 부인 고 손명순 여사의 영결식이 오늘 열립니다.오늘 오전 7시 서울대병...,2024.03.11 (06:14)
http://news.kbs.co.kr/news/view.do?ncd=7909955,"[총선] 민주당, 현역 4명 경선 탈락…이낙연 광산을 출마"," [앵커] 야권에선 더불어민주당 지역구 후보 막바지 경선 발표가 이어졌고, 비례대표 공천도...",2024.03.11 (06:13)
http://news.kbs.co.kr/news/view.do?ncd=7909954,"[총선] 여, 인요한 등 530명 비례 공천 신청…“‘기호 4번’ 목표”","[앵커] 국민의힘의 공천이  사실상 마무리된 가운데,  위성정당인 국민의미래는 본격적인 비...",2024.03.11 (06:11)
http://news.kbs.co.kr/news/view.do?ncd=7909953,‘갱단 폭력’ 대혼란 아이티에 엘살바도르 대통령 지원 시사,갱단 폭력으로 몸살을 앓는 카리브해 섬나라 아이티에 엘살바도르 대통령이 치안 강화를 위한 ...,2024.03.11 (06:10)
http://news.kbs.co.kr/news/view.do?ncd=7909952,[총선] 여야 대표 ‘총선 한 달’ 메시지…“민주당 폭주 저지” vs “무능정권 심판”,[앵커] 4.10 총선을 한 달 앞두고 여야 당 대표들이  총선에 임하는 각오를 내놨습니다...,2024.03.11 (06:09)
http://news.kbs.co.kr/news/view.do?ncd=7909951,가자 구호품 해상 운송 임박…전쟁 속 라마단 시작 ,[앵커] 가자 지구에 전달될  구호품을 실은 선박의 출항이  임박한 것으로 알려졌습니다. ...,2024.03.11 (06:08)
http://news.kbs.co.kr/news/view.do?ncd=7909950,충전 중 전기차에서 불…여수 낚싯배 좌초 전원 구조, [앵커] 주차장에서 충전 중이던 전기차에서 불이 났습니다. 여수 바다에서는 낚싯배가 좌초...,2024.03.11 (06:08)
http://news.kbs.co.kr/news/view.do?ncd=7909948,오늘부터 공보의·군의관 파견…교수·전문의 “합리적 방안 논의하자”,[앵커] 의료 공백을 일부나마 메우기 위해 오늘부터 주요 병원에 군의관과 공중보건의가 파견...,2024.03.11 (06:02)
http://news.kbs.co.kr/news/view.do?ncd=7909947,[뉴스광장 헤드라인],오늘부터 군의관 등 파견…시국선언·총회정부가 의료공백 사태를 겪고 있는 주요 병원에 오늘부...,2024.03.11 (06:01)
http://news.kbs.co.kr/news/view.do?ncd=7909945,통영 어선 전복 사흘째 수색…오전 선체 정밀 수색 예정,경남 통영 욕지도 바다에서 일어난 어선 전복 사고로 4명이 숨진 가운데 나머지 실종자 수색...,2024.03.11 (05:50)
http://news.kbs.co.kr/news/view.do?ncd=7909944,전남 여수 해상에서 낚시어선 좌초…18명 전원 구조,어젯밤 7시 40분 쯤 전남 여수시 삼산면 소거문도 인근 해상에서 9.7톤 급 낚시 어선이...,2024.03.11 (05:23)
http://news.kbs.co.kr/news/view.do?ncd=7909943,오후에 남부지방부터 비…밤사이 전국 비·눈 확대,"오늘은 전국이 점차 흐려져 오후에 호남지방과 경남 서부, 제주도에 비가 내리기 시작하겠습니...",2024.03.11 (05:00)
http://news.kbs.co.kr/news/view.do?ncd=7909942,미국 의회조사국 “러시아 군수 물자 여전히 부족”,우크라이나 침공 이후 러시아의 근본적인 군수 물자 부족이 여전하다는 미국 의회의 분석이 나...,2024.03.11 (04:51)
http://news.kbs.co.kr/news/view.do?ncd=7909941,“해 끼친다” 바이든 비판에 네타냐후 “무슨 소리 하는지”,조 바이든 미국 대통령이 이스라엘 베냐민 네타냐후 총리에 대해 “이스라엘을 해치고 있다”고...,2024.03.11 (02:56)
http://news.kbs.co.kr/news/view.do?ncd=7909940,멕시코 ‘10년전 43명 실종’ 항의 격화…방위대원들 한때 억류,멕시코에서 ‘2014년 교대생 43명 실종 사건’에 대한 엄정 수사를 요구하는 시위대가 최...,2024.03.11 (02:45)
http://news.kbs.co.kr/news/view.do?ncd=7909939,경기 구리 아파트에서 불…주민 30여 명 대피,어젯밤(10일) 11시쯤 경기 구리시 교문동에 있는 아파트에서 화재가 발생했습니다. 이 불...,2024.03.11 (01:56)
http://news.kbs.co.kr/news/view.do?ncd=7909938,"이재명, 오늘 충남 홍성·천안 방문…‘채 상병 수사 외압’ 의혹 부각",더불어민주당 이재명 대표는 오늘(11일) 충남 홍성군과 천안시를 차례로 방문해 충청권 표심...,2024.03.11 (01:00)
http://news.kbs.co.kr/news/view.do?ncd=7909937,"한동훈, 오늘 경기 고양서 시민 간담회…‘경기-서울 리노베이션TF 회의’ 참석",한동훈 국민의힘 비상대책위원장이 오늘(11일) ‘험지’ 경기 고양에 방문해 표심 잡기에 나...,2024.03.11 (01:00)
http://news.kbs.co.kr/news/view.do?ncd=7909935,가자지구 포성 속 라마단 시작…성지 ‘알아크사 사원’ 긴장 고조,이슬람의 금식성월 라마단이 11일 이슬람권 대부분에서 시작됐습니다. 이슬람 종주국 사우디아...,2024.03.11 (00:36)
http://news.kbs.co.kr/news/view.do?ncd=7909934,오후에 남부지방부터 비…밤사이 전국 비·눈 확대,"월요일인 오늘은 전국이 점차 흐려져 오후에 호남지방과 경남 서부, 제주도에 비가 내리기 시...",2024.03.11 (00:13)
http://news.kbs.co.kr/news/view.do?ncd=7909933,"금감원, ‘홍콩 ELS’ 배상 기준 오늘 발표…사례별 차등 적용할듯","대규모 원금 손실이 발생한 홍콩 H지수 주가연계증권, ‘홍콩 ELS’ 사태와 관련해 금융감...",2024.03.11 (00:13)
http://news.kbs.co.kr/news/view.do?ncd=7909932,오늘 서울의대 교수들 긴급 총회…의대 증원 대책 논의,서울대 의과대학 교수들이 오늘 긴급 총회를 열고 의대 증원 정책 대응 방안 등을 논의합니다...,2024.03.11 (00:00)
http://news.kbs.co.kr/news/view.do?ncd=7909931,“오늘부터 군의관 20명·공중보건의 138명 파견”,정부가 의사단체 집단행동에 대응하기 위해 군의관과 공중보건의 150여 명을 오늘(11일)부...,2024.03.11 (00:00)
